observation-1,observation-2,observation-3,observation-4,observation-5
61642260.502,1.5,0.005,0.005,58897547.792
16398538.235,1.5,0.005,0.005,13653825.525
4838717.593,1.5,0.005,0.005,2094004.883
5871685.582,1.5,0.005,0.005,3126972.872
69565337.28,1.5,0.005,0.005,66820624.57
12119277.566,1.5,0.005,0.005,9374564.856
40302123.543,1.5,0.005,0.005,37557410.833
5775178.663,1.5,0.005,0.005,3030465.953
13279952.14,1.5,0.005,0.005,10535239.43
9973334.641,1.5,0.005,0.005,7228621.931
11276151.422,1.5,0.005,0.005,8531438.712
7067257.28,1.5,0.005,0.005,4322544.57
4268177.915,1.5,0.005,0.005,1523465.205
157567500.568,1.5,0.005,0.005,154822787.858
25786308.484,1.5,0.005,0.005,23041595.774
4161477.316,1.5,0.005,0.005,1416764.606
14440025.94,1.5,0.005,0.005,11695313.23
5490900.875,1.5,0.005,0.005,2746188.165
16510413.465,1.5,0.005,0.005,13765700.755
8145235.399,1.5,0.005,0.005,5400522.689
47069419.506,1.5,0.005,0.005,44324706.796
7889242.538,1.5,0.005,0.005,5144529.828
4367810.496,1.5,0.005,0.005,1623097.786
11980644.765,1.5,0.005,0.005,9235932.055
9629067.33,1.5,0.005,0.005,6884354.62
47038811.185,1.5,0.005,0.005,44294098.475
5098585.041,1.5,0.005,0.005,2353872.331
4493835.797,1.5,0.005,0.005,1749123.087
5889321.008,1.5,0.005,0.005,3144608.298
7360881.352,1.5,0.005,0.005,4616168.642
33459008.212,1.5,0.005,0.005,30714295.502
17557727.365,1.5,0.005,0.005,14813014.655
50787796.175,1.5,0.005,0.005,48043083.465
4632423.017,1.5,0.005,0.005,1887710.307
5521956.732,1.5,0.005,0.005,2777244.022
168313532.621,1.5,0.005,0.005,165568819.911
19508191.355,1.5,0.005,0.005,16763478.645
12050186.482,1.5,0.005,0.005,9305473.772
13509844.931,1.5,0.005,0.005,10765132.221
9331845.704,1.5,0.005,0.005,6587132.994
80054821.555,1.5,0.005,0.005,77310108.845
4712231.846,1.5,0.005,0.005,1967519.136
16350129.764,1.5,0.005,0.005,13605417.054
15308146.422,1.5,0.005,0.005,12563433.712
15880102.487,1.5,0.005,0.005,13135389.777
48129499.164,1.5,0.005,0.005,45384786.454
7827795.941,1.5,0.005,0.005,5083083.231
4174029.9,1.5,0.005,0.005,1429317.19
3746063.615,1.5,0.005,0.005,1001350.905
5461313.599,1.5,0.005,0.005,2716600.889
11206300.843,1.5,0.005,0.005,8461588.133
13385560.73,1.5,0.005,0.005,10640848.02
5152217.522,1.5,0.005,0.005,2407504.812
7885759.469,1.5,0.005,0.005,5141046.759
5265694.812,1.5,0.005,0.005,2520982.102
7824647.783,1.5,0.005,0.005,5079935.073
4863417.428,1.5,0.005,0.005,2118704.718
31606165.611,1.5,0.005,0.005,28861452.901
5774490.526,1.5,0.005,0.005,3029777.816
5611010.078,1.5,0.005,0.005,2866297.368
3891056.777,1.5,0.005,0.005,1146344.067
4586005.12,1.5,0.005,0.005,1841292.41
23799364.878,1.5,0.005,0.005,21054652.168
3949542.563,1.5,0.005,0.005,1204829.853
18957869.095,1.5,0.005,0.005,16213156.385
3663227.63,1.5,0.005,0.005,918514.92
7371181.192,1.5,0.005,0.005,4626468.482
7005945.375,1.5,0.005,0.005,4261232.665
6825575.032,1.5,0.005,0.005,4080862.322
11446699.403,1.5,0.005,0.005,8701986.693
15355778.691,1.5,0.005,0.005,12611065.981
83307662.342,1.5,0.005,0.005,80562949.632
6659813.295,1.5,0.005,0.005,3915100.585
8067163.806,1.5,0.005,0.005,5322451.096
23510898.09,1.5,0.005,0.005,20766185.38
14839322.811,1.5,0.005,0.005,12094610.101
4221609.593,1.5,0.005,0.005,1476896.883
5214455.583,1.5,0.005,0.005,2469742.873
6587301.17,1.5,0.005,0.005,3842588.46
37817541.689,1.5,0.005,0.005,35072828.979
17724081.602,1.5,0.005,0.005,14979368.892
12398351.747,1.5,0.005,0.005,9653639.037
23442937.702,1.5,0.005,0.005,20698224.992
30466133.219,1.5,0.005,0.005,27721420.509
8649117.88,1.5,0.005,0.005,5904405.17
6021008.901,1.5,0.005,0.005,3276296.191
4664305.255,1.5,0.005,0.005,1919592.545
39724575.991,1.5,0.005,0.005,36979863.281
18588660.415,1.5,0.005,0.005,15843947.705
15853505.537,1.5,0.005,0.005,13108792.827
21091235.67,1.5,0.005,0.005,18346522.96
26941073.749,1.5,0.005,0.005,24196361.039
10815009.215,1.5,0.005,0.005,8070296.505
4077009.775,1.5,0.005,0.005,1332297.065
6133992.129,1.5,0.005,0.005,3389279.419
10201703.141,1.5,0.005,0.005,7456990.431
13262547.92,1.5,0.005,0.005,10517835.21
6841354.659,1.5,0.005,0.005,4096641.949
6746473.41,1.5,0.005,0.005,4001760.7
15489141.86,1.5,0.005,0.005,12744429.15
5655640.502,1.5,0.005,0.005,2910927.792
6785468.234,1.5,0.005,0.005,4040755.524
13059816.626,1.5,0.005,0.005,10315103.916
8583974.946,1.5,0.005,0.005,5839262.236
6171550.855,1.5,0.005,0.005,3426838.145
45861472.675,1.5,0.005,0.005,43116759.965
74972856.085,1.5,0.005,0.005,72228143.375
16739203.715,1.5,0.005,0.005,13994491.005
8793702.346,1.5,0.005,0.005,6048989.636
25135760.727,1.5,0.005,0.005,22391048.017
4579126.752,1.5,0.005,0.005,1834414.042
3655581.315,1.5,0.005,0.005,910868.605
3655441.815,1.5,0.005,0.005,910729.105
9448061.83,1.5,0.005,0.005,6703349.12
23555253.128,1.5,0.005,0.005,20810540.418
9147290.915,1.5,0.005,0.005,6402578.205
4069879.393,1.5,0.005,0.005,1325166.683
6385809.205,1.5,0.005,0.005,3641096.495
4183877.434,1.5,0.005,0.005,1439164.724
4624369.04,1.5,0.005,0.005,1879656.33
5431105.655,1.5,0.005,0.005,2686392.945
10533471.381,1.5,0.005,0.005,7788758.671
10484886.24,1.5,0.005,0.005,7740173.53
11989509.729,1.5,0.005,0.005,9244797.019
4255608.849,1.5,0.005,0.005,1510896.139
26374803.079,1.5,0.005,0.005,23630090.369
50351423.81,1.5,0.005,0.005,47606711.1
118440473.019,1.5,0.005,0.005,115695760.309
15563420.215,1.5,0.005,0.005,12818707.505
4791162.237,1.5,0.005,0.005,2046449.527
16695445.78,1.5,0.005,0.005,13950733.07
29696017.091,1.5,0.005,0.005,26951304.381
32153236.245,1.5,0.005,0.005,29408523.535
38426961.935,1.5,0.005,0.005,35682249.225
14884246.32,1.5,0.005,0.005,12139533.61
7738032.999,1.5,0.005,0.005,4993320.289
8411644.825,1.5,0.005,0.005,5666932.115
8176538.12,1.5,0.005,0.005,5431825.41
6076749.709,1.5,0.005,0.005,3332036.999
6090726.945,1.5,0.005,0.005,3346014.235
11995251.396,1.5,0.005,0.005,9250538.686
7156192.245,1.5,0.005,0.005,4411479.535
13640380.288,1.5,0.005,0.005,10895667.578
4104969.97,1.5,0.005,0.005,1360257.26
43029546.767,1.5,0.005,0.005,40284834.057
8923318.134,1.5,0.005,0.005,6178605.424
73815141.11,1.5,0.005,0.005,71070428.4
6126114.815,1.5,0.005,0.005,3381402.105
4084684.145,1.5,0.005,0.005,1339971.435
39713816.95,1.5,0.005,0.005,36969104.24
15062549.66,1.5,0.005,0.005,12317836.95
4297210.45,1.5,0.005,0.005,1552497.74
30206515.702,1.5,0.005,0.005,27461802.992
18605862.904,1.5,0.005,0.005,15861150.194
18943979.67,1.5,0.005,0.005,16199266.96
17271458.465,1.5,0.005,0.005,14526745.755
11065023.139,1.5,0.005,0.005,8320310.429
4015424.71,1.5,0.005,0.005,1270712.0
3588174.937,1.5,0.005,0.005,843462.227
23379012.44,1.5,0.005,0.005,20634299.73
14510496.335,1.5,0.005,0.005,11765783.625
35817000.38,1.5,0.005,0.005,33072287.67
4126711.31,1.5,0.005,0.005,1381998.6
3243219.933,1.5,0.005,0.005,498507.223
13317637.438,1.5,0.005,0.005,10572924.728
7564382.753,1.5,0.005,0.005,4819670.043
4019482.254,1.5,0.005,0.005,1274769.544
26398187.92,1.5,0.005,0.005,23653475.21
19355984.962,1.5,0.005,0.005,16611272.252
16011349.83,1.5,0.005,0.005,13266637.12
4313453.83,1.5,0.005,0.005,1568741.12
3923713.239,1.5,0.005,0.005,1179000.529
19598937.129,1.5,0.005,0.005,16854224.419
5877309.123,1.5,0.005,0.005,3132596.413
35743646.244,1.5,0.005,0.005,32998933.534
3726479.175,1.5,0.005,0.005,981766.465
5067704.135,1.5,0.005,0.005,2322991.425
9519241.765,1.5,0.005,0.005,6774529.055
7927461.351,1.5,0.005,0.005,5182748.641
67407769.222,1.5,0.005,0.005,64663056.512
25396147.57,1.5,0.005,0.005,22651434.86
5279831.402,1.5,0.005,0.005,2535118.692
4793714.275,1.5,0.005,0.005,2049001.565
11239964.445,1.5,0.005,0.005,8495251.735
7083782.788,1.5,0.005,0.005,4339070.078
7161603.98,1.5,0.005,0.005,4416891.27
7995293.47,1.5,0.005,0.005,5250580.76
6124478.445,1.5,0.005,0.005,3379765.735
8462184.604,1.5,0.005,0.005,5717471.894
59426989.471,1.5,0.005,0.005,56682276.761
6991136.977,1.5,0.005,0.005,4246424.267
4431412.426,1.5,0.005,0.005,1686699.716
133346637.37,1.5,0.005,0.005,130601924.66
7093750.2,1.5,0.005,0.005,4349037.49
4451053.85,1.5,0.005,0.005,1706341.14
10305566.111,1.5,0.005,0.005,7560853.401
10589744.735,1.5,0.005,0.005,7845032.025
40934840.142,1.5,0.005,0.005,38190127.432
5182119.154,1.5,0.005,0.005,2437406.444
4344043.824,1.5,0.005,0.005,1599331.114
6928098.2,1.5,0.005,0.005,4183385.49
11927097.315,1.5,0.005,0.005,9182384.605
8242948.515,1.5,0.005,0.005,5498235.805
4216406.615,1.5,0.005,0.005,1471693.905
6485815.44,1.5,0.005,0.005,3741102.73
6352713.337,1.5,0.005,0.005,3608000.627
12550842.66,1.5,0.005,0.005,9806129.95
13663894.553,1.5,0.005,0.005,10919181.843
12906532.974,1.5,0.005,0.005,10161820.264
4346725.331,1.5,0.005,0.005,1602012.621
12795125.892,1.5,0.005,0.005,10050413.182
8399823.878,1.5,0.005,0.005,5655111.168
28722832.448,1.5,0.005,0.005,25978119.738
9762178.83,1.5,0.005,0.005,7017466.12
141074310.3,1.5,0.005,0.005,138329597.59
11555473.284,1.5,0.005,0.005,8810760.574
19265762.681,1.5,0.005,0.005,16521049.971
5474897.921,1.5,0.005,0.005,2730185.211
14283545.657,1.5,0.005,0.005,11538832.947
24105521.768,1.5,0.005,0.005,21360809.058
4448737.856,1.5,0.005,0.005,1704025.146
12890856.468,1.5,0.005,0.005,10146143.758
8003475.642,1.5,0.005,0.005,5258762.932
41502554.81,1.5,0.005,0.005,38757842.1
14587096.859,1.5,0.005,0.005,11842384.149
11301317.615,1.5,0.005,0.005,8556604.905
4164232.635,1.5,0.005,0.005,1419519.925
4728460.45,1.5,0.005,0.005,1983747.74
4306253.652,1.5,0.005,0.005,1561540.942
6639104.825,1.5,0.005,0.005,3894392.115
8244486.716,1.5,0.005,0.005,5499774.006
6617378.787,1.5,0.005,0.005,3872666.077
7703244.694,1.5,0.005,0.005,4958531.984
8334326.005,1.5,0.005,0.005,5589613.295
9229603.385,1.5,0.005,0.005,6484890.675
5279266.605,1.5,0.005,0.005,2534553.895
5013930.215,1.5,0.005,0.005,2269217.505
18346013.79,1.5,0.005,0.005,15601301.08
17848296.793,1.5,0.005,0.005,15103584.083
60864786.011,1.5,0.005,0.005,58120073.301
60812502.59,1.5,0.005,0.005,58067789.88
4892277.415,1.5,0.005,0.005,2147564.705
6527489.824,1.5,0.005,0.005,3782777.114
44509154.332,1.5,0.005,0.005,41764441.622
9754085.726,1.5,0.005,0.005,7009373.016
7259606.895,1.5,0.005,0.005,4514894.185
12787402.315,1.5,0.005,0.005,10042689.605
4709492.57,1.5,0.005,0.005,1964779.86
17578500.805,1.5,0.005,0.005,14833788.095
6101643.13,1.5,0.005,0.005,3356930.42
15343981.498,1.5,0.005,0.005,12599268.788
5924416.185,1.5,0.005,0.005,3179703.475
50116967.595,1.5,0.005,0.005,47372254.885
7115301.095,1.5,0.005,0.005,4370588.385
23839003.871,1.5,0.005,0.005,21094291.161
67731759.553,1.5,0.005,0.005,64987046.843
4961554.625,1.5,0.005,0.005,2216841.915
5148166.074,1.5,0.005,0.005,2403453.364
8965542.442,1.5,0.005,0.005,6220829.732
8509146.08,1.5,0.005,0.005,5764433.37
4933098.644,1.5,0.005,0.005,2188385.934
27572085.57,1.5,0.005,0.005,24827372.86
6918837.828,1.5,0.005,0.005,4174125.118
91475440.605,1.5,0.005,0.005,88730727.895
3830932.535,1.5,0.005,0.005,1086219.825
9464381.09,1.5,0.005,0.005,6719668.38
8947381.205,1.5,0.005,0.005,6202668.495
135168780.184,1.5,0.005,0.005,132424067.474
12337693.52,1.5,0.005,0.005,9592980.81
10217665.63,1.5,0.005,0.005,7472952.92
5887197.516,1.5,0.005,0.005,3142484.806
6683768.911,1.5,0.005,0.005,3939056.201
4144688.236,1.5,0.005,0.005,1399975.526
28966104.19,1.5,0.005,0.005,26221391.48
87674609.908,1.5,0.005,0.005,84929897.198
5426684.883,1.5,0.005,0.005,2681972.173
8630202.435,1.5,0.005,0.005,5885489.725
3080469.632,1.5,0.005,0.005,335756.922
3582985.505,1.5,0.005,0.005,838272.795
5828892.463,1.5,0.005,0.005,3084179.753
9427344.379,1.5,0.005,0.005,6682631.669
11652335.482,1.5,0.005,0.005,8907622.772
7618275.775,1.5,0.005,0.005,4873563.065
20102134.902,1.5,0.005,0.005,17357422.192
54422101.461,1.5,0.005,0.005,51677388.751
5735159.26,1.5,0.005,0.005,2990446.55
18606343.693,1.5,0.005,0.005,15861630.983
9957291.134,1.5,0.005,0.005,7212578.424
4895603.411,1.5,0.005,0.005,2150890.701
27392740.431,1.5,0.005,0.005,24648027.721
4104645.526,1.5,0.005,0.005,1359932.816
35069884.024,1.5,0.005,0.005,32325171.314
11881807.513,1.5,0.005,0.005,9137094.803
6228663.682,1.5,0.005,0.005,3483950.972
4877955.531,1.5,0.005,0.005,2133242.821
20721630.958,1.5,0.005,0.005,17976918.248
5916613.277,1.5,0.005,0.005,3171900.567
162448089.006,1.5,0.005,0.005,159703376.296
7115037.034,1.5,0.005,0.005,4370324.324
5565283.325,1.5,0.005,0.005,2820570.615
8089935.447,1.5,0.005,0.005,5345222.737
4790843.603,1.5,0.005,0.005,2046130.893
4553004.497,1.5,0.005,0.005,1808291.787
3827218.088,1.5,0.005,0.005,1082505.378
5202354.38,1.5,0.005,0.005,2457641.67
7005504.242,1.5,0.005,0.005,4260791.532
18833623.821,1.5,0.005,0.005,16088911.111
113130819.816,1.5,0.005,0.005,110386107.106
11590203.44,1.5,0.005,0.005,8845490.73
10476820.607,1.5,0.005,0.005,7732107.897
6367925.455,1.5,0.005,0.005,3623212.745
41190439.875,1.5,0.005,0.005,38445727.165
6648630.268,1.5,0.005,0.005,3903917.558
54879616.611,1.5,0.005,0.005,52134903.901
4861795.526,1.5,0.005,0.005,2117082.816
16683835.486,1.5,0.005,0.005,13939122.776
8571117.135,1.5,0.005,0.005,5826404.425
5517061.545,1.5,0.005,0.005,2772348.835
12325161.031,1.5,0.005,0.005,9580448.321
4289307.034,1.5,0.005,0.005,1544594.324
14108849.296,1.5,0.005,0.005,11364136.586
3946516.94,1.5,0.005,0.005,1201804.23
12397579.03,1.5,0.005,0.005,9652866.32
8366378.426,1.5,0.005,0.005,5621665.716
23778755.689,1.5,0.005,0.005,21034042.979
131602039.26,1.5,0.005,0.005,128857326.55
15167040.166,1.5,0.005,0.005,12422327.456
13992521.334,1.5,0.005,0.005,11247808.624
15586401.261,1.5,0.005,0.005,12841688.551
3820605.115,1.5,0.005,0.005,1075892.405
11069821.97,1.5,0.005,0.005,8325109.26
14393338.273,1.5,0.005,0.005,11648625.563
15483058.331,1.5,0.005,0.005,12738345.621
8365826.28,1.5,0.005,0.005,5621113.57
32713013.712,1.5,0.005,0.005,29968301.002
23742603.485,1.5,0.005,0.005,20997890.775
16965524.7,1.5,0.005,0.005,14220811.99
31749475.333,1.5,0.005,0.005,29004762.623
8440471.734,1.5,0.005,0.005,5695759.024
6655245.415,1.5,0.005,0.005,3910532.705
23377692.894,1.5,0.005,0.005,20632980.184
6910869.327,1.5,0.005,0.005,4166156.617
5754098.405,1.5,0.005,0.005,3009385.695
14276621.334,1.5,0.005,0.005,11531908.624
32625277.483,1.5,0.005,0.005,29880564.773
5703888.8,1.5,0.005,0.005,2959176.09
5909614.847,1.5,0.005,0.005,3164902.137
55177815.495,1.5,0.005,0.005,52433102.785
3816046.56,1.5,0.005,0.005,1071333.85
6708457.234,1.5,0.005,0.005,3963744.524
8647625.745,1.5,0.005,0.005,5902913.035
6680754.582,1.5,0.005,0.005,3936041.872
5141526.721,1.5,0.005,0.005,2396814.011
31502097.036,1.5,0.005,0.005,28757384.326
8640115.379,1.5,0.005,0.005,5895402.669
3817531.379,1.5,0.005,0.005,1072818.669
5779480.89,1.5,0.005,0.005,3034768.18
12551952.747,1.5,0.005,0.005,9807240.037
8620054.789,1.5,0.005,0.005,5875342.079
11062662.117,1.5,0.005,0.005,8317949.407
6138774.319,1.5,0.005,0.005,3394061.609
43804069.207,1.5,0.005,0.005,41059356.497
8517269.129,1.5,0.005,0.005,5772556.419
8237032.009,1.5,0.005,0.005,5492319.299
3513611.135,1.5,0.005,0.005,768898.425
8455123.388,1.5,0.005,0.005,5710410.678
63499267.02,1.5,0.005,0.005,60754554.31
10909563.488,1.5,0.005,0.005,8164850.778
4925386.53,1.5,0.005,0.005,2180673.82
7731939.141,1.5,0.005,0.005,4987226.431
10866210.716,1.5,0.005,0.005,8121498.006
146088296.334,1.5,0.005,0.005,143343583.624
9015423.055,1.5,0.005,0.005,6270710.345
139974699.815,1.5,0.005,0.005,137229987.105
4695315.155,1.5,0.005,0.005,1950602.445
34695168.857,1.5,0.005,0.005,31950456.147
49260279.19,1.5,0.005,0.005,46515566.48
6055505.535,1.5,0.005,0.005,3310792.825
8030465.3,1.5,0.005,0.005,5285752.59
6256142.315,1.5,0.005,0.005,3511429.605
85316324.567,1.5,0.005,0.005,82571611.857
5773428.977,1.5,0.005,0.005,3028716.267
6594875.38,1.5,0.005,0.005,3850162.67
8799293.99,1.5,0.005,0.005,6054581.28
7782083.815,1.5,0.005,0.005,5037371.105
5830997.563,1.5,0.005,0.005,3086284.853
12604992.565,1.5,0.005,0.005,9860279.855
4294388.348,1.5,0.005,0.005,1549675.638
4519914.53,1.5,0.005,0.005,1775201.82
5963771.099,1.5,0.005,0.005,3219058.389
12074014.971,1.5,0.005,0.005,9329302.261
13324185.03,1.5,0.005,0.005,10579472.32
7652879.111,1.5,0.005,0.005,4908166.401
22752161.708,1.5,0.005,0.005,20007448.998
4596258.828,1.5,0.005,0.005,1851546.118
7156608.419,1.5,0.005,0.005,4411895.709
85513360.945,1.5,0.005,0.005,82768648.235
8733194.626,1.5,0.005,0.005,5988481.916
7673459.195,1.5,0.005,0.005,4928746.485
4995580.745,1.5,0.005,0.005,2250868.035
5481076.87,1.5,0.005,0.005,2736364.16
10996743.144,1.5,0.005,0.005,8252030.434
131727702.51,1.5,0.005,0.005,128982989.8
16683804.815,1.5,0.005,0.005,13939092.105
19221312.043,1.5,0.005,0.005,16476599.333
9165809.654,1.5,0.005,0.005,6421096.944
24216735.841,1.5,0.005,0.005,21472023.131
8606392.091,1.5,0.005,0.005,5861679.381
7917884.093,1.5,0.005,0.005,5173171.383
15088680.104,1.5,0.005,0.005,12343967.394
17856810.9,1.5,0.005,0.005,15112098.19
69580636.72,1.5,0.005,0.005,66835924.01
5156112.835,1.5,0.005,0.005,2411400.125
5086501.293,1.5,0.005,0.005,2341788.583
9353659.89,1.5,0.005,0.005,6608947.18
3451211.227,1.5,0.005,0.005,706498.517
3844940.16,1.5,0.005,0.005,1100227.45
5862215.566,1.5,0.005,0.005,3117502.856
7673084.33,1.5,0.005,0.005,4928371.62
13383711.523,1.5,0.005,0.005,10638998.813
9247817.755,1.5,0.005,0.005,6503105.045
3964393.389,1.5,0.005,0.005,1219680.679
7068239.517,1.5,0.005,0.005,4323526.807
3357205.015,1.5,0.005,0.005,612492.305
77538336.172,1.5,0.005,0.005,74793623.462
5239416.206,1.5,0.005,0.005,2494703.496
13203737.23,1.5,0.005,0.005,10459024.52
14402423.031,1.5,0.005,0.005,11657710.321
4872277.608,1.5,0.005,0.005,2127564.898
6825158.153,1.5,0.005,0.005,4080445.443
11510792.446,1.5,0.005,0.005,8766079.736
21062316.91,1.5,0.005,0.005,18317604.2
4644469.603,1.5,0.005,0.005,1899756.893
15922963.738,1.5,0.005,0.005,13178251.028
6698509.792,1.5,0.005,0.005,3953797.082
9085288.86,1.5,0.005,0.005,6340576.15
14447928.325,1.5,0.005,0.005,11703215.615
6926903.735,1.5,0.005,0.005,4182191.025
11354249.905,1.5,0.005,0.005,8609537.195
15200714.36,1.5,0.005,0.005,12456001.65
8773370.745,1.5,0.005,0.005,6028658.035
23880153.271,1.5,0.005,0.005,21135440.561
3597663.454,1.5,0.005,0.005,852950.744
6116116.951,1.5,0.005,0.005,3371404.241
7902690.574,1.5,0.005,0.005,5157977.864
24356348.535,1.5,0.005,0.005,21611635.825
3840761.61,1.5,0.005,0.005,1096048.9
14532655.335,1.5,0.005,0.005,11787942.625
4048705.451,1.5,0.005,0.005,1303992.741
16572481.485,1.5,0.005,0.005,13827768.775
7775652.815,1.5,0.005,0.005,5030940.105
3859965.584,1.5,0.005,0.005,1115252.874
5609435.47,1.5,0.005,0.005,2864722.76
15896163.354,1.5,0.005,0.005,13151450.644
3836626.19,1.5,0.005,0.005,1091913.48
3989784.2,1.5,0.005,0.005,1245071.49
137879057.89,1.5,0.005,0.005,135134345.18
46342051.959,1.5,0.005,0.005,43597339.249
9370041.568,1.5,0.005,0.005,6625328.858
11540268.192,1.5,0.005,0.005,8795555.482
25311116.886,1.5,0.005,0.005,22566404.176
17611122.871,1.5,0.005,0.005,14866410.161
32463858.384,1.5,0.005,0.005,29719145.674
135131405.525,1.5,0.005,0.005,132386692.815
10951757.289,1.5,0.005,0.005,8207044.579
6536733.223,1.5,0.005,0.005,3792020.513
7572371.754,1.5,0.005,0.005,4827659.044
12222365.134,1.5,0.005,0.005,9477652.424
5424255.875,1.5,0.005,0.005,2679543.165
10166283.025,1.5,0.005,0.005,7421570.315
4743691.77,1.5,0.005,0.005,1998979.06
4375939.777,1.5,0.005,0.005,1631227.067
70697363.358,1.5,0.005,0.005,67952650.648
21038200.465,1.5,0.005,0.005,18293487.755
6061946.93,1.5,0.005,0.005,3317234.22
8407651.65,1.5,0.005,0.005,5662938.94
17303074.505,1.5,0.005,0.005,14558361.795
8822938.52,1.5,0.005,0.005,6078225.81
3249346.335,1.5,0.005,0.005,504633.625
33341999.655,1.5,0.005,0.005,30597286.945
47259829.315,1.5,0.005,0.005,44515116.605
11843802.835,1.5,0.005,0.005,9099090.125
9069354.061,1.5,0.005,0.005,6324641.351
4117815.899,1.5,0.005,0.005,1373103.189
3782337.797,1.5,0.005,0.005,1037625.087
11537734.66,1.5,0.005,0.005,8793021.95
4218192.181,1.5,0.005,0.005,1473479.471
9738298.748,1.5,0.005,0.005,6993586.038
78923905.14,1.5,0.005,0.005,76179192.43
18395103.029,1.5,0.005,0.005,15650390.319
6754901.099,1.5,0.005,0.005,4010188.389
8172979.469,1.5,0.005,0.005,5428266.759
5527636.635,1.5,0.005,0.005,2782923.925
57907327.461,1.5,0.005,0.005,55162614.751
33660209.504,1.5,0.005,0.005,30915496.794
34650530.274,1.5,0.005,0.005,31905817.564
132180314.391,1.5,0.005,0.005,129435601.681
19071267.018,1.5,0.005,0.005,16326554.308
5664027.612,1.5,0.005,0.005,2919314.902
9945026.072,1.5,0.005,0.005,7200313.362
25727999.43,1.5,0.005,0.005,22983286.72
122553158.819,1.5,0.005,0.005,119808446.109
5230241.62,1.5,0.005,0.005,2485528.91
3080193.765,1.5,0.005,0.005,335481.055
3733027.48,1.5,0.005,0.005,988314.77
6466134.635,1.5,0.005,0.005,3721421.925
9499274.754,1.5,0.005,0.005,6754562.044
6536667.128,1.5,0.005,0.005,3791954.418
6521676.53,1.5,0.005,0.005,3776963.82
11175199.982,1.5,0.005,0.005,8430487.272
6231275.881,1.5,0.005,0.005,3486563.171
8044925.527,1.5,0.005,0.005,5300212.817
47576549.826,1.5,0.005,0.005,44831837.116
6692310.715,1.5,0.005,0.005,3947598.005
8228895.585,1.5,0.005,0.005,5484182.875
15203423.636,1.5,0.005,0.005,12458710.926
11309105.698,1.5,0.005,0.005,8564392.988
37587266.96,1.5,0.005,0.005,34842554.25
3728602.531,1.5,0.005,0.005,983889.821
17476769.694,1.5,0.005,0.005,14732056.984
6934442.764,1.5,0.005,0.005,4189730.054
5296329.765,1.5,0.005,0.005,2551617.055
16359691.129,1.5,0.005,0.005,13614978.419
6494203.715,1.5,0.005,0.005,3749491.005
4198338.895,1.5,0.005,0.005,1453626.185
4421085.9,1.5,0.005,0.005,1676373.19
7945317.435,1.5,0.005,0.005,5200604.725
9548232.619,1.5,0.005,0.005,6803519.909
20815920.215,1.5,0.005,0.005,18071207.505
27733813.104,1.5,0.005,0.005,24989100.394
5059583.452,1.5,0.005,0.005,2314870.742
7661520.755,1.5,0.005,0.005,4916808.045
26504966.509,1.5,0.005,0.005,23760253.799
5868001.925,1.5,0.005,0.005,3123289.215
22311663.889,1.5,0.005,0.005,19566951.179
5742565.28,1.5,0.005,0.005,2997852.57
11814096.861,1.5,0.005,0.005,9069384.151
13170275.43,1.5,0.005,0.005,10425562.72
8503796.361,1.5,0.005,0.005,5759083.651
11650751.906,1.5,0.005,0.005,8906039.196
4667672.78,1.5,0.005,0.005,1922960.07
17066372.693,1.5,0.005,0.005,14321659.983
22544668.4,1.5,0.005,0.005,19799955.69
32016554.985,1.5,0.005,0.005,29271842.275
20599176.783,1.5,0.005,0.005,17854464.073
3430146.133,1.5,0.005,0.005,685433.423
5959093.215,1.5,0.005,0.005,3214380.505
5634563.511,1.5,0.005,0.005,2889850.801
4912853.356,1.5,0.005,0.005,2168140.646
44650512.761,1.5,0.005,0.005,41905800.051
4632870.12,1.5,0.005,0.005,1888157.41
7980908.996,1.5,0.005,0.005,5236196.286
5902473.681,1.5,0.005,0.005,3157760.971
5125334.69,1.5,0.005,0.005,2380621.98
24075729.226,1.5,0.005,0.005,21331016.516
8088867.922,1.5,0.005,0.005,5344155.212
3900875.335,1.5,0.005,0.005,1156162.625
6552980.326,1.5,0.005,0.005,3808267.616
3864557.372,1.5,0.005,0.005,1119844.662
3402093.48,1.5,0.005,0.005,657380.77
7201733.445,1.5,0.005,0.005,4457020.735
7043129.542,1.5,0.005,0.005,4298416.832
3518075.92,1.5,0.005,0.005,773363.21
10391275.143,1.5,0.005,0.005,7646562.433
7013748.86,1.5,0.005,0.005,4269036.15
4149932.862,1.5,0.005,0.005,1405220.152
17050899.811,1.5,0.005,0.005,14306187.101
3619840.188,1.5,0.005,0.005,875127.478
4241663.94,1.5,0.005,0.005,1496951.23
6686415.238,1.5,0.005,0.005,3941702.528
6366706.98,1.5,0.005,0.005,3621994.27
12297787.595,1.5,0.005,0.005,9553074.885
83155372.096,1.5,0.005,0.005,80410659.386
38666762.62,1.5,0.005,0.005,35922049.91
7670776.98,1.5,0.005,0.005,4926064.27
5434724.655,1.5,0.005,0.005,2690011.945
8053626.059,1.5,0.005,0.005,5308913.349
7110065.595,1.5,0.005,0.005,4365352.885
5399230.148,1.5,0.005,0.005,2654517.438
15456099.675,1.5,0.005,0.005,12711386.965
104244681.796,1.5,0.005,0.005,101499969.086
4384961.095,1.5,0.005,0.005,1640248.385
6751123.397,1.5,0.005,0.005,4006410.687
29542095.38,1.5,0.005,0.005,26797382.67
20760173.094,1.5,0.005,0.005,18015460.384
185281124.579,1.5,0.005,0.005,182536411.869
17112977.37,1.5,0.005,0.005,14368264.66
8879483.722,1.5,0.005,0.005,6134771.012
16173841.578,1.5,0.005,0.005,13429128.868
7521737.17,1.5,0.005,0.005,4777024.46
4183786.485,1.5,0.005,0.005,1439073.775
5702732.339,1.5,0.005,0.005,2958019.629
4633637.175,1.5,0.005,0.005,1888924.465
3424845.611,1.5,0.005,0.005,680132.901
5364046.479,1.5,0.005,0.005,2619333.769
7484621.131,1.5,0.005,0.005,4739908.421
7164026.085,1.5,0.005,0.005,4419313.375
4358816.039,1.5,0.005,0.005,1614103.329
3423503.925,1.5,0.005,0.005,678791.215
6701937.774,1.5,0.005,0.005,3957225.064
133792655.028,1.5,0.005,0.005,131047942.318
150990262.323,1.5,0.005,0.005,148245549.613
6183490.93,1.5,0.005,0.005,3438778.22
7822518.19,1.5,0.005,0.005,5077805.48
23542993.51,1.5,0.005,0.005,20798280.8
4894223.37,1.5,0.005,0.005,2149510.66
7833746.53,1.5,0.005,0.005,5089033.82
23630383.642,1.5,0.005,0.005,20885670.932
6012231.023,1.5,0.005,0.005,3267518.313
9765368.024,1.5,0.005,0.005,7020655.314
20335298.801,1.5,0.005,0.005,17590586.091
18321818.618,1.5,0.005,0.005,15577105.908
11422812.94,1.5,0.005,0.005,8678100.23
6051049.115,1.5,0.005,0.005,3306336.405
4987702.43,1.5,0.005,0.005,2242989.72
18006240.971,1.5,0.005,0.005,15261528.261
9968506.245,1.5,0.005,0.005,7223793.535
15714085.02,1.5,0.005,0.005,12969372.31
24765823.474,1.5,0.005,0.005,22021110.764
6911077.91,1.5,0.005,0.005,4166365.2
8966356.404,1.5,0.005,0.005,6221643.694
12240683.35,1.5,0.005,0.005,9495970.64
87085813.282,1.5,0.005,0.005,84341100.572
3620985.428,1.5,0.005,0.005,876272.718
12442435.091,1.5,0.005,0.005,9697722.381
3668154.756,1.5,0.005,0.005,923442.046
6769963.3,1.5,0.005,0.005,4025250.59
15647482.496,1.5,0.005,0.005,12902769.786
7397327.341,1.5,0.005,0.005,4652614.631
197520534.386,1.5,0.005,0.005,194775821.676
14670292.495,1.5,0.005,0.005,11925579.785
24579338.974,1.5,0.005,0.005,21834626.264
15305133.921,1.5,0.005,0.005,12560421.211
21554804.991,1.5,0.005,0.005,18810092.281
17983756.483,1.5,0.005,0.005,15239043.773
51388651.545,1.5,0.005,0.005,48643938.835
5517945.788,1.5,0.005,0.005,2773233.078
7889190.824,1.5,0.005,0.005,5144478.114
7438485.723,1.5,0.005,0.005,4693773.013
8159070.723,1.5,0.005,0.005,5414358.013
105634167.105,1.5,0.005,0.005,102889454.395
5111568.105,1.5,0.005,0.005,2366855.395
70556834.269,1.5,0.005,0.005,67812121.559
11374094.067,1.5,0.005,0.005,8629381.357
22830089.212,1.5,0.005,0.005,20085376.502
19472248.338,1.5,0.005,0.005,16727535.628
5768007.976,1.5,0.005,0.005,3023295.266
10494554.195,1.5,0.005,0.005,7749841.485
10775801.43,1.5,0.005,0.005,8031088.72
18035408.61,1.5,0.005,0.005,15290695.9
18907241.149,1.5,0.005,0.005,16162528.439
10286697.316,1.5,0.005,0.005,7541984.606
15667450.663,1.5,0.005,0.005,12922737.953
3630911.589,1.5,0.005,0.005,886198.879
12960629.478,1.5,0.005,0.005,10215916.768
21930619.595,1.5,0.005,0.005,19185906.885
7668555.365,1.5,0.005,0.005,4923842.655
4241385.25,1.5,0.005,0.005,1496672.54
9641717.88,1.5,0.005,0.005,6897005.17
6467456.241,1.5,0.005,0.005,3722743.531
16219585.371,1.5,0.005,0.005,13474872.661
26707838.682,1.5,0.005,0.005,23963125.972
18078657.507,1.5,0.005,0.005,15333944.797
34831419.914,1.5,0.005,0.005,32086707.204
18899816.312,1.5,0.005,0.005,16155103.602
22962884.77,1.5,0.005,0.005,20218172.06
4013671.201,1.5,0.005,0.005,1268958.491
6575052.879,1.5,0.005,0.005,3830340.169
17506475.316,1.5,0.005,0.005,14761762.606
55001240.243,1.5,0.005,0.005,52256527.533
5837556.685,1.5,0.005,0.005,3092843.975
9812587.969,1.5,0.005,0.005,7067875.259
30039509.469,1.5,0.005,0.005,27294796.759
10103543.546,1.5,0.005,0.005,7358830.836
7135802.002,1.5,0.005,0.005,4391089.292
32471654.985,1.5,0.005,0.005,29726942.275
4925024.19,1.5,0.005,0.005,2180311.48
3938618.11,1.5,0.005,0.005,1193905.4
5641551.182,1.5,0.005,0.005,2896838.472
3098192.087,1.5,0.005,0.005,353479.377
53412822.281,1.5,0.005,0.005,50668109.571
4200325.69,1.5,0.005,0.005,1455612.98
7539829.777,1.5,0.005,0.005,4795117.067
12294060.295,1.5,0.005,0.005,9549347.585
6951858.913,1.5,0.005,0.005,4207146.203
5668191.712,1.5,0.005,0.005,2923479.002
8601096.57,1.5,0.005,0.005,5856383.86
7594272.291,1.5,0.005,0.005,4849559.581
24707235.518,1.5,0.005,0.005,21962522.808
12322664.925,1.5,0.005,0.005,9577952.215
17313333.775,1.5,0.005,0.005,14568621.065
105211494.805,1.5,0.005,0.005,102466782.095
5373098.04,1.5,0.005,0.005,2628385.33
5880439.549,1.5,0.005,0.005,3135726.839
7206943.892,1.5,0.005,0.005,4462231.182
11034530.524,1.5,0.005,0.005,8289817.814
21502006.681,1.5,0.005,0.005,18757293.971
26143466.775,1.5,0.005,0.005,23398754.065
3665098.838,1.5,0.005,0.005,920386.128
64409900.62,1.5,0.005,0.005,61665187.91
5008768.564,1.5,0.005,0.005,2264055.854
12379764.231,1.5,0.005,0.005,9635051.521
8165062.442,1.5,0.005,0.005,5420349.732
4024836.995,1.5,0.005,0.005,1280124.285
23528224.378,1.5,0.005,0.005,20783511.668
7910244.473,1.5,0.005,0.005,5165531.763
21258727.681,1.5,0.005,0.005,18514014.971
4962423.438,1.5,0.005,0.005,2217710.728
15420410.759,1.5,0.005,0.005,12675698.049
4709764.507,1.5,0.005,0.005,1965051.797
25612095.83,1.5,0.005,0.005,22867383.12
12455174.279,1.5,0.005,0.005,9710461.569
3874460.341,1.5,0.005,0.005,1129747.631
22010742.68,1.5,0.005,0.005,19266029.97
9971278.03,1.5,0.005,0.005,7226565.32
4545114.574,1.5,0.005,0.005,1800401.864
8347362.368,1.5,0.005,0.005,5602649.658
23310886.188,1.5,0.005,0.005,20566173.478
18514489.9,1.5,0.005,0.005,15769777.19
110650653.635,1.5,0.005,0.005,107905940.925
8377723.228,1.5,0.005,0.005,5633010.518
4161690.085,1.5,0.005,0.005,1416977.375
73860380.484,1.5,0.005,0.005,71115667.774
136427921.755,1.5,0.005,0.005,133683209.045
34730281.816,1.5,0.005,0.005,31985569.106
9677465.107,1.5,0.005,0.005,6932752.397
53484569.323,1.5,0.005,0.005,50739856.613
5584796.645,1.5,0.005,0.005,2840083.935
22023713.521,1.5,0.005,0.005,19279000.811
9511498.017,1.5,0.005,0.005,6766785.307
7022340.734,1.5,0.005,0.005,4277628.024
9964759.015,1.5,0.005,0.005,7220046.305
5366162.286,1.5,0.005,0.005,2621449.576
18602075.185,1.5,0.005,0.005,15857362.475
4457922.785,1.5,0.005,0.005,1713210.075
27902093.47,1.5,0.005,0.005,25157380.76
6419610.99,1.5,0.005,0.005,3674898.28
12614236.686,1.5,0.005,0.005,9869523.976
4604544.639,1.5,0.005,0.005,1859831.929
5522121.239,1.5,0.005,0.005,2777408.529
10702704.146,1.5,0.005,0.005,7957991.436
8515699.415,1.5,0.005,0.005,5770986.705
7098928.188,1.5,0.005,0.005,4354215.478
5947254.71,1.5,0.005,0.005,3202542.0
18833068.991,1.5,0.005,0.005,16088356.281
20851034.71,1.5,0.005,0.005,18106322.0
17418920.175,1.5,0.005,0.005,14674207.465
3269570.394,1.5,0.005,0.005,524857.684
36723148.53,1.5,0.005,0.005,33978435.82
9691809.516,1.5,0.005,0.005,6947096.806
3669280.35,1.5,0.005,0.005,924567.64
88569545.72,1.5,0.005,0.005,85824833.01
5779587.227,1.5,0.005,0.005,3034874.517
5713898.565,1.5,0.005,0.005,2969185.855
114172266.271,1.5,0.005,0.005,111427553.561
119587897.822,1.5,0.005,0.005,116843185.112
91035447.136,1.5,0.005,0.005,88290734.426
3999726.248,1.5,0.005,0.005,1255013.538
7064755.73,1.5,0.005,0.005,4320043.02
84016199.1,1.5,0.005,0.005,81271486.39
5393429.238,1.5,0.005,0.005,2648716.528
7562968.135,1.5,0.005,0.005,4818255.425
3413797.66,1.5,0.005,0.005,669084.95
14660236.628,1.5,0.005,0.005,11915523.918
9251450.777,1.5,0.005,0.005,6506738.067
6029603.595,1.5,0.005,0.005,3284890.885
8891411.095,1.5,0.005,0.005,6146698.385
5953271.15,1.5,0.005,0.005,3208558.44
5081695.725,1.5,0.005,0.005,2336983.015
4660927.151,1.5,0.005,0.005,1916214.441
11586939.295,1.5,0.005,0.005,8842226.585
7894472.075,1.5,0.005,0.005,5149759.365
6737264.135,1.5,0.005,0.005,3992551.425
7649854.642,1.5,0.005,0.005,4905141.932
11059032.395,1.5,0.005,0.005,8314319.685
8363357.363,1.5,0.005,0.005,5618644.653
24776098.53,1.5,0.005,0.005,22031385.82
13889178.248,1.5,0.005,0.005,11144465.538
4327937.107,1.5,0.005,0.005,1583224.397
4453897.231,1.5,0.005,0.005,1709184.521
19983873.643,1.5,0.005,0.005,17239160.933
5378217.695,1.5,0.005,0.005,2633504.985
3407916.275,1.5,0.005,0.005,663203.565
9925946.376,1.5,0.005,0.005,7181233.666
5507529.51,1.5,0.005,0.005,2762816.8
7740727.414,1.5,0.005,0.005,4996014.704
21020867.019,1.5,0.005,0.005,18276154.309
3909732.587,1.5,0.005,0.005,1165019.877
60411012.409,1.5,0.005,0.005,57666299.699
29134583.526,1.5,0.005,0.005,26389870.816
5264510.5,1.5,0.005,0.005,2519797.79
6796262.151,1.5,0.005,0.005,4051549.441
20665621.095,1.5,0.005,0.005,17920908.385
35572127.375,1.5,0.005,0.005,32827414.665
41763780.224,1.5,0.005,0.005,39019067.514
11511468.483,1.5,0.005,0.005,8766755.773
9596193.985,1.5,0.005,0.005,6851481.275
54764329.73,1.5,0.005,0.005,52019617.02
4401023.014,1.5,0.005,0.005,1656310.304
7912167.736,1.5,0.005,0.005,5167455.026
4002601.675,1.5,0.005,0.005,1257888.965
26559721.74,1.5,0.005,0.005,23815009.03
4259743.19,1.5,0.005,0.005,1515030.48
23032251.962,1.5,0.005,0.005,20287539.252
52285085.88,1.5,0.005,0.005,49540373.17
34034843.175,1.5,0.005,0.005,31290130.465
5989660.392,1.5,0.005,0.005,3244947.682
55579230.141,1.5,0.005,0.005,52834517.431
4874188.035,1.5,0.005,0.005,2129475.325
10702564.37,1.5,0.005,0.005,7957851.66
27445221.78,1.5,0.005,0.005,24700509.07
4449316.994,1.5,0.005,0.005,1704604.284
4392108.305,1.5,0.005,0.005,1647395.595
5251883.295,1.5,0.005,0.005,2507170.585
4929075.425,1.5,0.005,0.005,2184362.715
32971495.119,1.5,0.005,0.005,30226782.409
21042040.661,1.5,0.005,0.005,18297327.951
39436289.046,1.5,0.005,0.005,36691576.336
5852894.371,1.5,0.005,0.005,3108181.661
37419302.011,1.5,0.005,0.005,34674589.301
3805816.068,1.5,0.005,0.005,1061103.358
7269025.498,1.5,0.005,0.005,4524312.788
11905737.088,1.5,0.005,0.005,9161024.378
19237045.795,1.5,0.005,0.005,16492333.085
4518479.475,1.5,0.005,0.005,1773766.765
34778437.258,1.5,0.005,0.005,32033724.548
11223148.512,1.5,0.005,0.005,8478435.802
79231481.295,1.5,0.005,0.005,76486768.585
27699825.948,1.5,0.005,0.005,24955113.238
5681205.478,1.5,0.005,0.005,2936492.768
8714189.282,1.5,0.005,0.005,5969476.572
4864054.82,1.5,0.005,0.005,2119342.11
4630959.027,1.5,0.005,0.005,1886246.317
26366829.29,1.5,0.005,0.005,23622116.58
5639065.095,1.5,0.005,0.005,2894352.385
3643588.36,1.5,0.005,0.005,898875.65
5877192.036,1.5,0.005,0.005,3132479.326
4332853.18,1.5,0.005,0.005,1588140.47
8815457.32,1.5,0.005,0.005,6070744.61
11993422.195,1.5,0.005,0.005,9248709.485
11700148.925,1.5,0.005,0.005,8955436.215
8116935.275,1.5,0.005,0.005,5372222.565
57858893.738,1.5,0.005,0.005,55114181.028
4014318.154,1.5,0.005,0.005,1269605.444
15006693.95,1.5,0.005,0.005,12261981.24
12364795.922,1.5,0.005,0.005,9620083.212
9476167.911,1.5,0.005,0.005,6731455.201
13904010.486,1.5,0.005,0.005,11159297.776
3803997.896,1.5,0.005,0.005,1059285.186
5364565.244,1.5,0.005,0.005,2619852.534
7368281.731,1.5,0.005,0.005,4623569.021
5684436.865,1.5,0.005,0.005,2939724.155
49368318.075,1.5,0.005,0.005,46623605.365
37106379.311,1.5,0.005,0.005,34361666.601
8468604.542,1.5,0.005,0.005,5723891.832
22145005.706,1.5,0.005,0.005,19400292.996
6686250.266,1.5,0.005,0.005,3941537.556
3550914.51,1.5,0.005,0.005,806201.8
3639828.638,1.5,0.005,0.005,895115.928
7676199.298,1.5,0.005,0.005,4931486.588
60067343.14,1.5,0.005,0.005,57322630.43
3967870.875,1.5,0.005,0.005,1223158.165
14991380.71,1.5,0.005,0.005,12246668.0
4260406.316,1.5,0.005,0.005,1515693.606
4278485.485,1.5,0.005,0.005,1533772.775
18161360.485,1.5,0.005,0.005,15416647.775
15752771.803,1.5,0.005,0.005,13008059.093
51332015.642,1.5,0.005,0.005,48587302.932
10191920.491,1.5,0.005,0.005,7447207.781
14068691.709,1.5,0.005,0.005,11323978.999
5445992.425,1.5,0.005,0.005,2701279.715
4578288.536,1.5,0.005,0.005,1833575.826
4501797.791,1.5,0.005,0.005,1757085.081
3899345.835,1.5,0.005,0.005,1154633.125
6238929.639,1.5,0.005,0.005,3494216.929
16060976.686,1.5,0.005,0.005,13316263.976
11983912.39,1.5,0.005,0.005,9239199.68
9269574.053,1.5,0.005,0.005,6524861.343
113813943.695,1.5,0.005,0.005,111069230.985
6847576.98,1.5,0.005,0.005,4102864.27
5838565.66,1.5,0.005,0.005,3093852.95
16540167.721,1.5,0.005,0.005,13795455.011
3537513.435,1.5,0.005,0.005,792800.725
24451614.53,1.5,0.005,0.005,21706901.82
4082618.995,1.5,0.005,0.005,1337906.285
20447095.969,1.5,0.005,0.005,17702383.259
6155248.115,1.5,0.005,0.005,3410535.405
55951936.497,1.5,0.005,0.005,53207223.787
6562906.582,1.5,0.005,0.005,3818193.872
7424420.27,1.5,0.005,0.005,4679707.56
4723311.697,1.5,0.005,0.005,1978598.987
4495566.775,1.5,0.005,0.005,1750854.065
88553013.867,1.5,0.005,0.005,85808301.157
14766663.091,1.5,0.005,0.005,12021950.381
5457503.799,1.5,0.005,0.005,2712791.089
52075985.915,1.5,0.005,0.005,49331273.205
17488291.161,1.5,0.005,0.005,14743578.451
21736962.35,1.5,0.005,0.005,18992249.64
30581781.221,1.5,0.005,0.005,27837068.511
3862619.03,1.5,0.005,0.005,1117906.32
9628779.055,1.5,0.005,0.005,6884066.345
11193929.821,1.5,0.005,0.005,8449217.111
7728724.568,1.5,0.005,0.005,4984011.858
34329726.01,1.5,0.005,0.005,31585013.3
11796727.736,1.5,0.005,0.005,9052015.026
7394602.486,1.5,0.005,0.005,4649889.776
4974770.745,1.5,0.005,0.005,2230058.035
4900790.208,1.5,0.005,0.005,2156077.498
5156153.53,1.5,0.005,0.005,2411440.82
19199286.648,1.5,0.005,0.005,16454573.938
90086433.333,1.5,0.005,0.005,87341720.623
18514375.232,1.5,0.005,0.005,15769662.522
9703566.158,1.5,0.005,0.005,6958853.448
8275694.17,1.5,0.005,0.005,5530981.46
19838914.648,1.5,0.005,0.005,17094201.938
7696147.813,1.5,0.005,0.005,4951435.103
4293885.395,1.5,0.005,0.005,1549172.685
23585284.619,1.5,0.005,0.005,20840571.909
26234732.111,1.5,0.005,0.005,23490019.401
4798232.583,1.5,0.005,0.005,2053519.873
4154722.815,1.5,0.005,0.005,1410010.105
14219527.807,1.5,0.005,0.005,11474815.097
13171897.13,1.5,0.005,0.005,10427184.42
3770190.642,1.5,0.005,0.005,1025477.932
16077288.234,1.5,0.005,0.005,13332575.524
8705655.68,1.5,0.005,0.005,5960942.97
17869307.424,1.5,0.005,0.005,15124594.714
9968685.394,1.5,0.005,0.005,7223972.684
7211784.041,1.5,0.005,0.005,4467071.331
4650280.234,1.5,0.005,0.005,1905567.524
12231120.305,1.5,0.005,0.005,9486407.595
9165270.878,1.5,0.005,0.005,6420558.168
3967452.775,1.5,0.005,0.005,1222740.065
11935454.633,1.5,0.005,0.005,9190741.923
15497872.358,1.5,0.005,0.005,12753159.648
4233945.995,1.5,0.005,0.005,1489233.285
14986363.78,1.5,0.005,0.005,12241651.07
5044691.81,1.5,0.005,0.005,2299979.1
19010469.637,1.5,0.005,0.005,16265756.927
3830479.903,1.5,0.005,0.005,1085767.193
3372868.843,1.5,0.005,0.005,628156.133
48895498.536,1.5,0.005,0.005,46150785.826
8540009.572,1.5,0.005,0.005,5795296.862
4301564.082,1.5,0.005,0.005,1556851.372
10675570.605,1.5,0.005,0.005,7930857.895
6650932.305,1.5,0.005,0.005,3906219.595
3782198.746,1.5,0.005,0.005,1037486.036
4414024.819,1.5,0.005,0.005,1669312.109
4822163.41,1.5,0.005,0.005,2077450.7
8180808.687,1.5,0.005,0.005,5436095.977
4381497.003,1.5,0.005,0.005,1636784.293
6000547.091,1.5,0.005,0.005,3255834.381
11021454.98,1.5,0.005,0.005,8276742.27
7092670.352,1.5,0.005,0.005,4347957.642
5794801.177,1.5,0.005,0.005,3050088.467
11166382.35,1.5,0.005,0.005,8421669.64
13153580.03,1.5,0.005,0.005,10408867.32
3879420.116,1.5,0.005,0.005,1134707.406
57887349.705,1.5,0.005,0.005,55142636.995
3825650.741,1.5,0.005,0.005,1080938.031
31304298.062,1.5,0.005,0.005,28559585.352
4088001.015,1.5,0.005,0.005,1343288.305
4557673.158,1.5,0.005,0.005,1812960.448
10669201.285,1.5,0.005,0.005,7924488.575
4451345.396,1.5,0.005,0.005,1706632.686
11855746.085,1.5,0.005,0.005,9111033.375
121678463.07,1.5,0.005,0.005,118933750.36
5634159.714,1.5,0.005,0.005,2889447.004
25152231.909,1.5,0.005,0.005,22407519.199
9712795.734,1.5,0.005,0.005,6968083.024
13958889.437,1.5,0.005,0.005,11214176.727
4511607.505,1.5,0.005,0.005,1766894.795
9028139.541,1.5,0.005,0.005,6283426.831
4848951.795,1.5,0.005,0.005,2104239.085
19648412.417,1.5,0.005,0.005,16903699.707
10011303.037,1.5,0.005,0.005,7266590.327
4507349.62,1.5,0.005,0.005,1762636.91
5432247.57,1.5,0.005,0.005,2687534.86
5953579.747,1.5,0.005,0.005,3208867.037
5696750.375,1.5,0.005,0.005,2952037.665
12255057.572,1.5,0.005,0.005,9510344.862
51527208.81,1.5,0.005,0.005,48782496.1
9398028.426,1.5,0.005,0.005,6653315.716
9144813.825,1.5,0.005,0.005,6400101.115
29861268.108,1.5,0.005,0.005,27116555.398
7972499.413,1.5,0.005,0.005,5227786.703
4430826.6,1.5,0.005,0.005,1686113.89
45384677.774,1.5,0.005,0.005,42639965.064
12104265.805,1.5,0.005,0.005,9359553.095
11208938.671,1.5,0.005,0.005,8464225.961
4865560.78,1.5,0.005,0.005,2120848.07
14834039.048,1.5,0.005,0.005,12089326.338
54630128.261,1.5,0.005,0.005,51885415.551
3990326.851,1.5,0.005,0.005,1245614.141
37897207.645,1.5,0.005,0.005,35152494.935
18581029.907,1.5,0.005,0.005,15836317.197
52896286.6,1.5,0.005,0.005,50151573.89
6485087.435,1.5,0.005,0.005,3740374.725
6605157.211,1.5,0.005,0.005,3860444.501
7033746.122,1.5,0.005,0.005,4289033.412
5316155.783,1.5,0.005,0.005,2571443.073
8438835.963,1.5,0.005,0.005,5694123.253
5551621.18,1.5,0.005,0.005,2806908.47
4963940.421,1.5,0.005,0.005,2219227.711
10281677.703,1.5,0.005,0.005,7536964.993
15831096.49,1.5,0.005,0.005,13086383.78
8744910.735,1.5,0.005,0.005,6000198.025
9548826.07,1.5,0.005,0.005,6804113.36
11991941.537,1.5,0.005,0.005,9247228.827
7909691.789,1.5,0.005,0.005,5164979.079
41577363.157,1.5,0.005,0.005,38832650.447
15190698.465,1.5,0.005,0.005,12445985.755
12788084.815,1.5,0.005,0.005,10043372.105
22825453.804,1.5,0.005,0.005,20080741.094
6392035.775,1.5,0.005,0.005,3647323.065
5238753.375,1.5,0.005,0.005,2494040.665
151185211.62,1.5,0.005,0.005,148440498.91
12520708.035,1.5,0.005,0.005,9775995.325
12293662.064,1.5,0.005,0.005,9548949.354
5747727.171,1.5,0.005,0.005,3003014.461
30103101.612,1.5,0.005,0.005,27358388.902
20448795.615,1.5,0.005,0.005,17704082.905
25549596.244,1.5,0.005,0.005,22804883.534
33347506.147,1.5,0.005,0.005,30602793.437
11655388.004,1.5,0.005,0.005,8910675.294
6197704.339,1.5,0.005,0.005,3452991.629
13124474.569,1.5,0.005,0.005,10379761.859
7590795.575,1.5,0.005,0.005,4846082.865
3463394.192,1.5,0.005,0.005,718681.482
9684750.527,1.5,0.005,0.005,6940037.817
12626469.83,1.5,0.005,0.005,9881757.12
4711907.38,1.5,0.005,0.005,1967194.67
4096537.17,1.5,0.005,0.005,1351824.46
3999220.815,1.5,0.005,0.005,1254508.105
3706289.332,1.5,0.005,0.005,961576.622
9294949.682,1.5,0.005,0.005,6550236.972
5371352.205,1.5,0.005,0.005,2626639.495
4127320.806,1.5,0.005,0.005,1382608.096
29616176.712,1.5,0.005,0.005,26871464.002
9631285.181,1.5,0.005,0.005,6886572.471
5615647.687,1.5,0.005,0.005,2870934.977
7069613.884,1.5,0.005,0.005,4324901.174
5692273.754,1.5,0.005,0.005,2947561.044
95369741.52,1.5,0.005,0.005,92625028.81
3748165.565,1.5,0.005,0.005,1003452.855
87373840.225,1.5,0.005,0.005,84629127.515
12973671.291,1.5,0.005,0.005,10228958.581
4868553.69,1.5,0.005,0.005,2123840.98
3547361.695,1.5,0.005,0.005,802648.985
39714748.582,1.5,0.005,0.005,36970035.872
4416504.732,1.5,0.005,0.005,1671792.022
5164287.354,1.5,0.005,0.005,2419574.644
17608115.255,1.5,0.005,0.005,14863402.545
7537028.951,1.5,0.005,0.005,4792316.241
4014261.865,1.5,0.005,0.005,1269549.155
9871197.425,1.5,0.005,0.005,7126484.715
22992160.342,1.5,0.005,0.005,20247447.632
3932327.68,1.5,0.005,0.005,1187614.97
44409814.12,1.5,0.005,0.005,41665101.41
12767313.8,1.5,0.005,0.005,10022601.09
5241024.74,1.5,0.005,0.005,2496312.03
16018671.6,1.5,0.005,0.005,13273958.89
3448626.835,1.5,0.005,0.005,703914.125
4973939.406,1.5,0.005,0.005,2229226.696
5555780.259,1.5,0.005,0.005,2811067.549
9536315.751,1.5,0.005,0.005,6791603.041
4204718.395,1.5,0.005,0.005,1460005.685
6316270.325,1.5,0.005,0.005,3571557.615
60841173.226,1.5,0.005,0.005,58096460.516
5341335.665,1.5,0.005,0.005,2596622.955
14794193.798,1.5,0.005,0.005,12049481.088
7587422.156,1.5,0.005,0.005,4842709.446
4609914.325,1.5,0.005,0.005,1865201.615
7026094.049,1.5,0.005,0.005,4281381.339
40600761.626,1.5,0.005,0.005,37856048.916
6403386.451,1.5,0.005,0.005,3658673.741
8188331.535,1.5,0.005,0.005,5443618.825
8953295.145,1.5,0.005,0.005,6208582.435
38577785.541,1.5,0.005,0.005,35833072.831
22626817.555,1.5,0.005,0.005,19882104.845
4679161.805,1.5,0.005,0.005,1934449.095
10574399.333,1.5,0.005,0.005,7829686.623
14847470.81,1.5,0.005,0.005,12102758.1
9727746.102,1.5,0.005,0.005,6983033.392
23819840.529,1.5,0.005,0.005,21075127.819
3771977.272,1.5,0.005,0.005,1027264.562
10195211.261,1.5,0.005,0.005,7450498.551
9358005.255,1.5,0.005,0.005,6613292.545
10560680.855,1.5,0.005,0.005,7815968.145
4087578.445,1.5,0.005,0.005,1342865.735
11715301.836,1.5,0.005,0.005,8970589.126
11727363.637,1.5,0.005,0.005,8982650.927
10723839.214,1.5,0.005,0.005,7979126.504
6993997.295,1.5,0.005,0.005,4249284.585
6039709.215,1.5,0.005,0.005,3294996.505
3358133.02,1.5,0.005,0.005,613420.31
14663833.281,1.5,0.005,0.005,11919120.571
37683326.78,1.5,0.005,0.005,34938614.07
3660636.26,1.5,0.005,0.005,915923.55
5136285.686,1.5,0.005,0.005,2391572.976
53362374.43,1.5,0.005,0.005,50617661.72
6365750.03,1.5,0.005,0.005,3621037.32
7000916.265,1.5,0.005,0.005,4256203.555
9438588.357,1.5,0.005,0.005,6693875.647
5584673.332,1.5,0.005,0.005,2839960.622
43076143.6,1.5,0.005,0.005,40331430.89
7070827.695,1.5,0.005,0.005,4326114.985
5556422.619,1.5,0.005,0.005,2811709.909
4224173.69,1.5,0.005,0.005,1479460.98
3226337.072,1.5,0.005,0.005,481624.362
5760228.16,1.5,0.005,0.005,3015515.45
35287482.228,1.5,0.005,0.005,32542769.518
30320939.355,1.5,0.005,0.005,27576226.645
11324221.626,1.5,0.005,0.005,8579508.916
6136362.446,1.5,0.005,0.005,3391649.736
72331205.662,1.5,0.005,0.005,69586492.952
28890535.525,1.5,0.005,0.005,26145822.815
29025503.531,1.5,0.005,0.005,26280790.821
3427617.29,1.5,0.005,0.005,682904.58
10030314.661,1.5,0.005,0.005,7285601.951
6446797.715,1.5,0.005,0.005,3702085.005
9224183.216,1.5,0.005,0.005,6479470.506
8609235.797,1.5,0.005,0.005,5864523.087
9838432.68,1.5,0.005,0.005,7093719.97
4017322.97,1.5,0.005,0.005,1272610.26
4269260.68,1.5,0.005,0.005,1524547.97
5895216.58,1.5,0.005,0.005,3150503.87
4173010.288,1.5,0.005,0.005,1428297.578
8341898.41,1.5,0.005,0.005,5597185.7
20911634.056,1.5,0.005,0.005,18166921.346
8028520.417,1.5,0.005,0.005,5283807.707
5643468.865,1.5,0.005,0.005,2898756.155
16275954.04,1.5,0.005,0.005,13531241.33
15651005.325,1.5,0.005,0.005,12906292.615
13665790.374,1.5,0.005,0.005,10921077.664
3558319.12,1.5,0.005,0.005,813606.41
6745546.203,1.5,0.005,0.005,4000833.493
8496729.47,1.5,0.005,0.005,5752016.76
6341881.675,1.5,0.005,0.005,3597168.965
6102778.462,1.5,0.005,0.005,3358065.752
74260857.827,1.5,0.005,0.005,71516145.117
4695067.36,1.5,0.005,0.005,1950354.65
4889169.479,1.5,0.005,0.005,2144456.769
5554460.418,1.5,0.005,0.005,2809747.708
11385353.593,1.5,0.005,0.005,8640640.883
6552648.155,1.5,0.005,0.005,3807935.445
3159729.806,1.5,0.005,0.005,415017.096
4246006.935,1.5,0.005,0.005,1501294.225
16599969.97,1.5,0.005,0.005,13855257.26
4883576.935,1.5,0.005,0.005,2138864.225
5301113.095,1.5,0.005,0.005,2556400.385
12206122.192,1.5,0.005,0.005,9461409.482
28430108.27,1.5,0.005,0.005,25685395.56
10310120.155,1.5,0.005,0.005,7565407.445
7927276.539,1.5,0.005,0.005,5182563.829
17627486.73,1.5,0.005,0.005,14882774.02
30546138.246,1.5,0.005,0.005,27801425.536
24782482.55,1.5,0.005,0.005,22037769.84
7407540.885,1.5,0.005,0.005,4662828.175
41913269.406,1.5,0.005,0.005,39168556.696
56268305.332,1.5,0.005,0.005,53523592.622
5392515.435,1.5,0.005,0.005,2647802.725
5186518.87,1.5,0.005,0.005,2441806.16
4547269.425,1.5,0.005,0.005,1802556.715
19128162.957,1.5,0.005,0.005,16383450.247
7601497.838,1.5,0.005,0.005,4856785.128
4138374.622,1.5,0.005,0.005,1393661.912
22536879.78,1.5,0.005,0.005,19792167.07
3673441.426,1.5,0.005,0.005,928728.716
3064383.235,1.5,0.005,0.005,319670.525
11811272.618,1.5,0.005,0.005,9066559.908
5378474.656,1.5,0.005,0.005,2633761.946
9383615.273,1.5,0.005,0.005,6638902.563
8486496.224,1.5,0.005,0.005,5741783.514
4048992.89,1.5,0.005,0.005,1304280.18
8961221.399,1.5,0.005,0.005,6216508.689
3824100.07,1.5,0.005,0.005,1079387.36
8266886.481,1.5,0.005,0.005,5522173.771
10839169.284,1.5,0.005,0.005,8094456.574
12620940.267,1.5,0.005,0.005,9876227.557
69662056.17,1.5,0.005,0.005,66917343.46
7122722.92,1.5,0.005,0.005,4378010.21
6044054.04,1.5,0.005,0.005,3299341.33
12411903.391,1.5,0.005,0.005,9667190.681
3835923.341,1.5,0.005,0.005,1091210.631
41558490.849,1.5,0.005,0.005,38813778.139
5947462.4,1.5,0.005,0.005,3202749.69
4097091.307,1.5,0.005,0.005,1352378.597
15782949.889,1.5,0.005,0.005,13038237.179
5687794.944,1.5,0.005,0.005,2943082.234
3924006.235,1.5,0.005,0.005,1179293.525
3352181.105,1.5,0.005,0.005,607468.395
3517002.5,1.5,0.005,0.005,772289.79
25362647.361,1.5,0.005,0.005,22617934.651
7270295.087,1.5,0.005,0.005,4525582.377
6343435.316,1.5,0.005,0.005,3598722.606
35132354.13,1.5,0.005,0.005,32387641.42
20421637.572,1.5,0.005,0.005,17676924.862
9663157.52,1.5,0.005,0.005,6918444.81
12545833.438,1.5,0.005,0.005,9801120.728
8792575.896,1.5,0.005,0.005,6047863.186
11993439.445,1.5,0.005,0.005,9248726.735
3933581.246,1.5,0.005,0.005,1188868.536
13936752.714,1.5,0.005,0.005,11192040.004
12852704.961,1.5,0.005,0.005,10107992.251
3397943.77,1.5,0.005,0.005,653231.06
19610173.714,1.5,0.005,0.005,16865461.004
3692079.87,1.5,0.005,0.005,947367.16
25399218.955,1.5,0.005,0.005,22654506.245
19350608.074,1.5,0.005,0.005,16605895.364
5374285.517,1.5,0.005,0.005,2629572.807
8535588.94,1.5,0.005,0.005,5790876.23
5577610.665,1.5,0.005,0.005,2832897.955
48211250.256,1.5,0.005,0.005,45466537.546
11018319.326,1.5,0.005,0.005,8273606.616
4092636.225,1.5,0.005,0.005,1347923.515
4699861.595,1.5,0.005,0.005,1955148.885
44434647.535,1.5,0.005,0.005,41689934.825
9859279.169,1.5,0.005,0.005,7114566.459
6414412.007,1.5,0.005,0.005,3669699.297
20394214.955,1.5,0.005,0.005,17649502.245
3975344.888,1.5,0.005,0.005,1230632.178
8887839.838,1.5,0.005,0.005,6143127.128
5387059.455,1.5,0.005,0.005,2642346.745
26690511.169,1.5,0.005,0.005,23945798.459
8663829.654,1.5,0.005,0.005,5919116.944
7895741.422,1.5,0.005,0.005,5151028.712
5331766.145,1.5,0.005,0.005,2587053.435
43434545.179,1.5,0.005,0.005,40689832.469
12743369.332,1.5,0.005,0.005,9998656.622
79371670.975,1.5,0.005,0.005,76626958.265
6294647.855,1.5,0.005,0.005,3549935.145
4591345.188,1.5,0.005,0.005,1846632.478
9777110.93,1.5,0.005,0.005,7032398.22
7311108.525,1.5,0.005,0.005,4566395.815
3739468.105,1.5,0.005,0.005,994755.395
104409751.537,1.5,0.005,0.005,101665038.827
4641425.055,1.5,0.005,0.005,1896712.345
3972546.524,1.5,0.005,0.005,1227833.814
78002389.458,1.5,0.005,0.005,75257676.748
7111825.83,1.5,0.005,0.005,4367113.12
11894272.166,1.5,0.005,0.005,9149559.456
5190611.45,1.5,0.005,0.005,2445898.74
12358737.955,1.5,0.005,0.005,9614025.245
4885628.053,1.5,0.005,0.005,2140915.343
32529289.5,1.5,0.005,0.005,29784576.79
35683970.05,1.5,0.005,0.005,32939257.34
5482156.915,1.5,0.005,0.005,2737444.205
3746496.006,1.5,0.005,0.005,1001783.296
4021709.027,1.5,0.005,0.005,1276996.317
14976782.675,1.5,0.005,0.005,12232069.965
3770533.481,1.5,0.005,0.005,1025820.771
9049639.044,1.5,0.005,0.005,6304926.334
12823574.106,1.5,0.005,0.005,10078861.396
24746261.911,1.5,0.005,0.005,22001549.201
11564480.903,1.5,0.005,0.005,8819768.193
8672536.801,1.5,0.005,0.005,5927824.091
5840247.314,1.5,0.005,0.005,3095534.604
43012858.176,1.5,0.005,0.005,40268145.466
3301662.52,1.5,0.005,0.005,556949.81
9123741.927,1.5,0.005,0.005,6379029.217
8741727.854,1.5,0.005,0.005,5997015.144
75344334.438,1.5,0.005,0.005,72599621.728
6661145.97,1.5,0.005,0.005,3916433.26
6127784.07,1.5,0.005,0.005,3383071.36
22288032.624,1.5,0.005,0.005,19543319.914
3933420.295,1.5,0.005,0.005,1188707.585
5254731.44,1.5,0.005,0.005,2510018.73
12860232.934,1.5,0.005,0.005,10115520.224
5923766.341,1.5,0.005,0.005,3179053.631
3783831.43,1.5,0.005,0.005,1039118.72
19601636.48,1.5,0.005,0.005,16856923.77
18300708.804,1.5,0.005,0.005,15555996.094
6757179.761,1.5,0.005,0.005,4012467.051
14993263.993,1.5,0.005,0.005,12248551.283
17773979.64,1.5,0.005,0.005,15029266.93
5292995.18,1.5,0.005,0.005,2548282.47
26818137.055,1.5,0.005,0.005,24073424.345
4735177.129,1.5,0.005,0.005,1990464.419
10926401.691,1.5,0.005,0.005,8181688.981
7068156.375,1.5,0.005,0.005,4323443.665
41060505.985,1.5,0.005,0.005,38315793.275
35531858.24,1.5,0.005,0.005,32787145.53
21845147.695,1.5,0.005,0.005,19100434.985
7225392.295,1.5,0.005,0.005,4480679.585
3388208.686,1.5,0.005,0.005,643495.976
6363316.93,1.5,0.005,0.005,3618604.22
8003089.12,1.5,0.005,0.005,5258376.41
3600097.161,1.5,0.005,0.005,855384.451
32973323.921,1.5,0.005,0.005,30228611.211
21662853.742,1.5,0.005,0.005,18918141.032
3510958.513,1.5,0.005,0.005,766245.803
4686809.337,1.5,0.005,0.005,1942096.627
4577058.874,1.5,0.005,0.005,1832346.164
135821927.515,1.5,0.005,0.005,133077214.805
4962582.352,1.5,0.005,0.005,2217869.642
4483308.525,1.5,0.005,0.005,1738595.815
42016004.379,1.5,0.005,0.005,39271291.669
7623586.356,1.5,0.005,0.005,4878873.646
35280070.86,1.5,0.005,0.005,32535358.15
7388575.222,1.5,0.005,0.005,4643862.512
24208759.795,1.5,0.005,0.005,21464047.085
4232698.693,1.5,0.005,0.005,1487985.983
8579217.695,1.5,0.005,0.005,5834504.985
8856076.0,1.5,0.005,0.005,6111363.29
5678304.645,1.5,0.005,0.005,2933591.935
91164340.787,1.5,0.005,0.005,88419628.077
4998915.21,1.5,0.005,0.005,2254202.5
20444150.01,1.5,0.005,0.005,17699437.3
4450093.83,1.5,0.005,0.005,1705381.12
7393869.536,1.5,0.005,0.005,4649156.826
12918900.385,1.5,0.005,0.005,10174187.675
5530386.241,1.5,0.005,0.005,2785673.531
46502937.495,1.5,0.005,0.005,43758224.785
24760744.757,1.5,0.005,0.005,22016032.047
3541251.256,1.5,0.005,0.005,796538.546
7690678.808,1.5,0.005,0.005,4945966.098
10861188.73,1.5,0.005,0.005,8116476.02
8898858.96,1.5,0.005,0.005,6154146.25
11392193.845,1.5,0.005,0.005,8647481.135
40875674.354,1.5,0.005,0.005,38130961.644
20041983.076,1.5,0.005,0.005,17297270.366
3431901.702,1.5,0.005,0.005,687188.992
4999409.55,1.5,0.005,0.005,2254696.84
6904314.583,1.5,0.005,0.005,4159601.873
3792116.586,1.5,0.005,0.005,1047403.876
5921106.39,1.5,0.005,0.005,3176393.68
11273426.06,1.5,0.005,0.005,8528713.35
13470677.131,1.5,0.005,0.005,10725964.421
8524385.671,1.5,0.005,0.005,5779672.961
9608531.24,1.5,0.005,0.005,6863818.53
9475161.961,1.5,0.005,0.005,6730449.251
10147480.486,1.5,0.005,0.005,7402767.776
6001108.186,1.5,0.005,0.005,3256395.476
5420416.15,1.5,0.005,0.005,2675703.44
49022326.117,1.5,0.005,0.005,46277613.407
10354752.772,1.5,0.005,0.005,7610040.062
19672434.203,1.5,0.005,0.005,16927721.493
9730623.114,1.5,0.005,0.005,6985910.404
5147454.58,1.5,0.005,0.005,2402741.87
10270130.17,1.5,0.005,0.005,7525417.46
5142591.575,1.5,0.005,0.005,2397878.865
4261562.77,1.5,0.005,0.005,1516850.06
24417737.148,1.5,0.005,0.005,21673024.438
25339470.552,1.5,0.005,0.005,22594757.842
17138844.569,1.5,0.005,0.005,14394131.859
6315793.811,1.5,0.005,0.005,3571081.101
5289108.046,1.5,0.005,0.005,2544395.336
14336090.24,1.5,0.005,0.005,11591377.53
5550332.12,1.5,0.005,0.005,2805619.41
8342731.6,1.5,0.005,0.005,5598018.89
50450867.525,1.5,0.005,0.005,47706154.815
13854927.086,1.5,0.005,0.005,11110214.376
4186517.894,1.5,0.005,0.005,1441805.184
21170347.31,1.5,0.005,0.005,18425634.6
5901368.689,1.5,0.005,0.005,3156655.979
16458912.219,1.5,0.005,0.005,13714199.509
7204228.12,1.5,0.005,0.005,4459515.41
4659219.475,1.5,0.005,0.005,1914506.765
3997083.44,1.5,0.005,0.005,1252370.73
16411757.303,1.5,0.005,0.005,13667044.593
12852789.065,1.5,0.005,0.005,10108076.355
4380410.775,1.5,0.005,0.005,1635698.065
5266019.293,1.5,0.005,0.005,2521306.583
17271657.055,1.5,0.005,0.005,14526944.345
11987545.367,1.5,0.005,0.005,9242832.657
8590229.707,1.5,0.005,0.005,5845516.997
30990512.208,1.5,0.005,0.005,28245799.498
8308541.816,1.5,0.005,0.005,5563829.106
12470741.541,1.5,0.005,0.005,9726028.831
5091268.84,1.5,0.005,0.005,2346556.13
3849210.375,1.5,0.005,0.005,1104497.665
3731840.133,1.5,0.005,0.005,987127.423
3480355.135,1.5,0.005,0.005,735642.425
3880509.573,1.5,0.005,0.005,1135796.863
4528687.596,1.5,0.005,0.005,1783974.886
4743275.946,1.5,0.005,0.005,1998563.236
7103264.095,1.5,0.005,0.005,4358551.385
18072375.705,1.5,0.005,0.005,15327662.995
3904888.77,1.5,0.005,0.005,1160176.06
5074808.525,1.5,0.005,0.005,2330095.815
7057080.222,1.5,0.005,0.005,4312367.512
4115274.765,1.5,0.005,0.005,1370562.055
47874742.23,1.5,0.005,0.005,45130029.52
4515439.053,1.5,0.005,0.005,1770726.343
12338351.658,1.5,0.005,0.005,9593638.948
4829393.031,1.5,0.005,0.005,2084680.321
58385250.58,1.5,0.005,0.005,55640537.87
39342605.92,1.5,0.005,0.005,36597893.21
6254568.795,1.5,0.005,0.005,3509856.085
3744644.049,1.5,0.005,0.005,999931.339
4153062.085,1.5,0.005,0.005,1408349.375
113710773.792,1.5,0.005,0.005,110966061.082
8903887.845,1.5,0.005,0.005,6159175.135
7069811.614,1.5,0.005,0.005,4325098.904
3390120.811,1.5,0.005,0.005,645408.101
30586480.22,1.5,0.005,0.005,27841767.51
40996023.226,1.5,0.005,0.005,38251310.516
7300813.607,1.5,0.005,0.005,4556100.897
16643644.954,1.5,0.005,0.005,13898932.244
4571598.413,1.5,0.005,0.005,1826885.703
21088005.868,1.5,0.005,0.005,18343293.158
7332632.358,1.5,0.005,0.005,4587919.648
8430308.785,1.5,0.005,0.005,5685596.075
4905652.153,1.5,0.005,0.005,2160939.443
12558492.411,1.5,0.005,0.005,9813779.701
8466893.272,1.5,0.005,0.005,5722180.562
8547376.335,1.5,0.005,0.005,5802663.625
11975842.175,1.5,0.005,0.005,9231129.465
3638460.79,1.5,0.005,0.005,893748.08
5267462.069,1.5,0.005,0.005,2522749.359
6746004.74,1.5,0.005,0.005,4001292.03
9587705.378,1.5,0.005,0.005,6842992.668
34466215.524,1.5,0.005,0.005,31721502.814
5528147.135,1.5,0.005,0.005,2783434.425
4756975.805,1.5,0.005,0.005,2012263.095
3837190.595,1.5,0.005,0.005,1092477.885
6641277.826,1.5,0.005,0.005,3896565.116
10499200.166,1.5,0.005,0.005,7754487.456
4360748.647,1.5,0.005,0.005,1616035.937
4493305.695,1.5,0.005,0.005,1748592.985
42618917.525,1.5,0.005,0.005,39874204.815
9189558.4,1.5,0.005,0.005,6444845.69
4470612.53,1.5,0.005,0.005,1725899.82
7106226.631,1.5,0.005,0.005,4361513.921
5574769.131,1.5,0.005,0.005,2830056.421
177702987.71,1.5,0.005,0.005,174958275.0
5819699.28,1.5,0.005,0.005,3074986.57
32621820.136,1.5,0.005,0.005,29877107.426
6146726.092,1.5,0.005,0.005,3402013.382
117215396.33,1.5,0.005,0.005,114470683.62
10469369.781,1.5,0.005,0.005,7724657.071
7308421.574,1.5,0.005,0.005,4563708.864
4670187.81,1.5,0.005,0.005,1925475.1
3936440.084,1.5,0.005,0.005,1191727.374
9382504.3,1.5,0.005,0.005,6637791.59
7124282.029,1.5,0.005,0.005,4379569.319
3313387.684,1.5,0.005,0.005,568674.974
5943262.455,1.5,0.005,0.005,3198549.745
5697877.383,1.5,0.005,0.005,2953164.673
23011554.6,1.5,0.005,0.005,20266841.89
8295267.672,1.5,0.005,0.005,5550554.962
6743416.755,1.5,0.005,0.005,3998704.045
4181046.55,1.5,0.005,0.005,1436333.84
57326056.31,1.5,0.005,0.005,54581343.6
9538169.098,1.5,0.005,0.005,6793456.388
5423396.03,1.5,0.005,0.005,2678683.32
5876725.854,1.5,0.005,0.005,3132013.144
9164769.035,1.5,0.005,0.005,6420056.325
6325290.653,1.5,0.005,0.005,3580577.943
4606830.865,1.5,0.005,0.005,1862118.155
4834199.54,1.5,0.005,0.005,2089486.83
4175817.14,1.5,0.005,0.005,1431104.43
7595206.013,1.5,0.005,0.005,4850493.303
15557894.496,1.5,0.005,0.005,12813181.786
15261859.966,1.5,0.005,0.005,12517147.256
17661032.903,1.5,0.005,0.005,14916320.193
8355375.296,1.5,0.005,0.005,5610662.586
61488181.482,1.5,0.005,0.005,58743468.772
5099725.367,1.5,0.005,0.005,2355012.657
17671161.499,1.5,0.005,0.005,14926448.789
5160117.765,1.5,0.005,0.005,2415405.055
7572069.596,1.5,0.005,0.005,4827356.886
75291158.334,1.5,0.005,0.005,72546445.624
30614706.467,1.5,0.005,0.005,27869993.757
4974940.199,1.5,0.005,0.005,2230227.489
42860536.115,1.5,0.005,0.005,40115823.405
9309409.059,1.5,0.005,0.005,6564696.349
7270510.54,1.5,0.005,0.005,4525797.83
8237918.378,1.5,0.005,0.005,5493205.668
17198110.554,1.5,0.005,0.005,14453397.844
3832242.418,1.5,0.005,0.005,1087529.708
4665013.42,1.5,0.005,0.005,1920300.71
5168110.015,1.5,0.005,0.005,2423397.305
48529730.531,1.5,0.005,0.005,45785017.821
129248356.942,1.5,0.005,0.005,126503644.232
29605158.648,1.5,0.005,0.005,26860445.938
8815976.606,1.5,0.005,0.005,6071263.896
6085518.974,1.5,0.005,0.005,3340806.264
73010799.913,1.5,0.005,0.005,70266087.203
5248456.515,1.5,0.005,0.005,2503743.805
113496148.37,1.5,0.005,0.005,110751435.66
4268647.451,1.5,0.005,0.005,1523934.741
41575922.704,1.5,0.005,0.005,38831209.994
10335956.856,1.5,0.005,0.005,7591244.146
12153462.79,1.5,0.005,0.005,9408750.08
6205155.293,1.5,0.005,0.005,3460442.583
6177547.675,1.5,0.005,0.005,3432834.965
14606155.521,1.5,0.005,0.005,11861442.811
6069635.906,1.5,0.005,0.005,3324923.196
6841650.301,1.5,0.005,0.005,4096937.591
5591785.36,1.5,0.005,0.005,2847072.65
18596347.938,1.5,0.005,0.005,15851635.228
8430969.645,1.5,0.005,0.005,5686256.935
4571211.51,1.5,0.005,0.005,1826498.8
70316166.463,1.5,0.005,0.005,67571453.753
12567482.555,1.5,0.005,0.005,9822769.845
4411336.547,1.5,0.005,0.005,1666623.837
68581050.83,1.5,0.005,0.005,65836338.12
3811765.276,1.5,0.005,0.005,1067052.566
4473645.12,1.5,0.005,0.005,1728932.41
8973513.175,1.5,0.005,0.005,6228800.465
31827153.835,1.5,0.005,0.005,29082441.125
25909477.517,1.5,0.005,0.005,23164764.807
9513594.174,1.5,0.005,0.005,6768881.464
4913750.093,1.5,0.005,0.005,2169037.383
8121583.112,1.5,0.005,0.005,5376870.402
8213223.878,1.5,0.005,0.005,5468511.168
5762720.596,1.5,0.005,0.005,3018007.886
4451015.838,1.5,0.005,0.005,1706303.128
16036492.363,1.5,0.005,0.005,13291779.653
26691273.33,1.5,0.005,0.005,23946560.62
5418559.111,1.5,0.005,0.005,2673846.401
6398249.92,1.5,0.005,0.005,3653537.21
4619213.517,1.5,0.005,0.005,1874500.807
19230566.227,1.5,0.005,0.005,16485853.517
20597145.894,1.5,0.005,0.005,17852433.184
4067780.78,1.5,0.005,0.005,1323068.07
7063525.409,1.5,0.005,0.005,4318812.699
3898881.462,1.5,0.005,0.005,1154168.752
8109535.101,1.5,0.005,0.005,5364822.391
11095065.616,1.5,0.005,0.005,8350352.906
6638134.593,1.5,0.005,0.005,3893421.883
3715239.81,1.5,0.005,0.005,970527.1
8318928.12,1.5,0.005,0.005,5574215.41
5942051.585,1.5,0.005,0.005,3197338.875
4598677.381,1.5,0.005,0.005,1853964.671
5747856.776,1.5,0.005,0.005,3003144.066
117020404.137,1.5,0.005,0.005,114275691.427
3323727.483,1.5,0.005,0.005,579014.773
45915403.17,1.5,0.005,0.005,43170690.46
10278920.693,1.5,0.005,0.005,7534207.983
56793418.36,1.5,0.005,0.005,54048705.65
9583427.778,1.5,0.005,0.005,6838715.068
10609009.255,1.5,0.005,0.005,7864296.545
6310849.925,1.5,0.005,0.005,3566137.215
15600426.836,1.5,0.005,0.005,12855714.126
17139348.486,1.5,0.005,0.005,14394635.776
4267520.2,1.5,0.005,0.005,1522807.49
10848369.054,1.5,0.005,0.005,8103656.344
8959579.435,1.5,0.005,0.005,6214866.725
5557431.293,1.5,0.005,0.005,2812718.583
20371929.827,1.5,0.005,0.005,17627217.117
5784578.224,1.5,0.005,0.005,3039865.514
6669972.558,1.5,0.005,0.005,3925259.848
3614756.138,1.5,0.005,0.005,870043.428
5181480.471,1.5,0.005,0.005,2436767.761
8299216.303,1.5,0.005,0.005,5554503.593
10218937.758,1.5,0.005,0.005,7474225.048
18841326.255,1.5,0.005,0.005,16096613.545
3575501.184,1.5,0.005,0.005,830788.474
22933322.32,1.5,0.005,0.005,20188609.61
11181854.247,1.5,0.005,0.005,8437141.537
9255136.327,1.5,0.005,0.005,6510423.617
18212575.006,1.5,0.005,0.005,15467862.296
67742560.59,1.5,0.005,0.005,64997847.88
6556655.149,1.5,0.005,0.005,3811942.439
8441069.635,1.5,0.005,0.005,5696356.925
3131492.015,1.5,0.005,0.005,386779.305
4701358.869,1.5,0.005,0.005,1956646.159
4381209.25,1.5,0.005,0.005,1636496.54
7629046.38,1.5,0.005,0.005,4884333.67
5238202.085,1.5,0.005,0.005,2493489.375
32747500.379,1.5,0.005,0.005,30002787.669
4212778.943,1.5,0.005,0.005,1468066.233
6151412.657,1.5,0.005,0.005,3406699.947
3714454.972,1.5,0.005,0.005,969742.262
5674622.41,1.5,0.005,0.005,2929909.7
7814543.545,1.5,0.005,0.005,5069830.835
11721159.155,1.5,0.005,0.005,8976446.445
8206335.802,1.5,0.005,0.005,5461623.092
6783437.969,1.5,0.005,0.005,4038725.259
4002425.58,1.5,0.005,0.005,1257712.87
22589087.634,1.5,0.005,0.005,19844374.924
3901023.865,1.5,0.005,0.005,1156311.155
67048147.695,1.5,0.005,0.005,64303434.985
19554486.756,1.5,0.005,0.005,16809774.046
4271563.005,1.5,0.005,0.005,1526850.295
8002202.295,1.5,0.005,0.005,5257489.585
120783684.004,1.5,0.005,0.005,118038971.294
4149134.73,1.5,0.005,0.005,1404422.02
41383719.562,1.5,0.005,0.005,38639006.852
27036403.778,1.5,0.005,0.005,24291691.068
35401063.517,1.5,0.005,0.005,32656350.807
3797136.53,1.5,0.005,0.005,1052423.82
6979907.417,1.5,0.005,0.005,4235194.707
18658306.244,1.5,0.005,0.005,15913593.534
6027510.467,1.5,0.005,0.005,3282797.757
5876782.625,1.5,0.005,0.005,3132069.915
36386782.89,1.5,0.005,0.005,33642070.18
4062414.905,1.5,0.005,0.005,1317702.195
8113288.402,1.5,0.005,0.005,5368575.692
8165157.195,1.5,0.005,0.005,5420444.485
7554923.432,1.5,0.005,0.005,4810210.722
5392611.215,1.5,0.005,0.005,2647898.505
4424163.516,1.5,0.005,0.005,1679450.806
3276051.266,1.5,0.005,0.005,531338.556
27735501.01,1.5,0.005,0.005,24990788.3
99971293.515,1.5,0.005,0.005,97226580.805
6968689.979,1.5,0.005,0.005,4223977.269
24166947.064,1.5,0.005,0.005,21422234.354
15081749.319,1.5,0.005,0.005,12337036.609
9612998.715,1.5,0.005,0.005,6868286.005
72297254.48,1.5,0.005,0.005,69552541.77
7767952.719,1.5,0.005,0.005,5023240.009
3387141.565,1.5,0.005,0.005,642428.855
3646412.635,1.5,0.005,0.005,901699.925
14105528.177,1.5,0.005,0.005,11360815.467
5589452.648,1.5,0.005,0.005,2844739.938
8612761.435,1.5,0.005,0.005,5868048.725
34999086.664,1.5,0.005,0.005,32254373.954
4305101.751,1.5,0.005,0.005,1560389.041
9948228.74,1.5,0.005,0.005,7203516.03
23848640.187,1.5,0.005,0.005,21103927.477
10274486.483,1.5,0.005,0.005,7529773.773
4386590.0,1.5,0.005,0.005,1641877.29
3974679.47,1.5,0.005,0.005,1229966.76
6338486.617,1.5,0.005,0.005,3593773.907
79268192.435,1.5,0.005,0.005,76523479.725
5903718.498,1.5,0.005,0.005,3159005.788
11247913.272,1.5,0.005,0.005,8503200.562
6033118.055,1.5,0.005,0.005,3288405.345
6831764.61,1.5,0.005,0.005,4087051.9
13456768.062,1.5,0.005,0.005,10712055.352
5783905.455,1.5,0.005,0.005,3039192.745
154892372.165,1.5,0.005,0.005,152147659.455
59603038.848,1.5,0.005,0.005,56858326.138
5100814.695,1.5,0.005,0.005,2356101.985
4147633.685,1.5,0.005,0.005,1402920.975
69471233.641,1.5,0.005,0.005,66726520.931
93834981.847,1.5,0.005,0.005,91090269.137
23605312.792,1.5,0.005,0.005,20860600.082
35781003.044,1.5,0.005,0.005,33036290.334
23714493.851,1.5,0.005,0.005,20969781.141
12094921.052,1.5,0.005,0.005,9350208.342
4336845.876,1.5,0.005,0.005,1592133.166
35368483.206,1.5,0.005,0.005,32623770.496
8459061.457,1.5,0.005,0.005,5714348.747
7974497.274,1.5,0.005,0.005,5229784.564
12889536.5,1.5,0.005,0.005,10144823.79
8834047.623,1.5,0.005,0.005,6089334.913
6258256.405,1.5,0.005,0.005,3513543.695
3947701.159,1.5,0.005,0.005,1202988.449
7392595.467,1.5,0.005,0.005,4647882.757
5392924.47,1.5,0.005,0.005,2648211.76
25298455.427,1.5,0.005,0.005,22553742.717
4885265.158,1.5,0.005,0.005,2140552.448
9637821.895,1.5,0.005,0.005,6893109.185
29205862.106,1.5,0.005,0.005,26461149.396
5390604.524,1.5,0.005,0.005,2645891.814
7668457.945,1.5,0.005,0.005,4923745.235
3837039.207,1.5,0.005,0.005,1092326.497
5384666.291,1.5,0.005,0.005,2639953.581
51862211.89,1.5,0.005,0.005,49117499.18
43504086.992,1.5,0.005,0.005,40759374.282
14377307.267,1.5,0.005,0.005,11632594.557
3900735.29,1.5,0.005,0.005,1156022.58
3934627.93,1.5,0.005,0.005,1189915.22
9104281.623,1.5,0.005,0.005,6359568.913
5152755.992,1.5,0.005,0.005,2408043.282
4112698.19,1.5,0.005,0.005,1367985.48
41698772.14,1.5,0.005,0.005,38954059.43
4588143.571,1.5,0.005,0.005,1843430.861
6496073.578,1.5,0.005,0.005,3751360.868
3977829.815,1.5,0.005,0.005,1233117.105
3392143.571,1.5,0.005,0.005,647430.861
12319330.756,1.5,0.005,0.005,9574618.046
77753314.982,1.5,0.005,0.005,75008602.272
6526749.606,1.5,0.005,0.005,3782036.896
34668199.911,1.5,0.005,0.005,31923487.201
6312384.887,1.5,0.005,0.005,3567672.177
18780717.775,1.5,0.005,0.005,16036005.065
5437557.9,1.5,0.005,0.005,2692845.19
5244048.98,1.5,0.005,0.005,2499336.27
3975247.696,1.5,0.005,0.005,1230534.986
4814432.092,1.5,0.005,0.005,2069719.382
25668876.128,1.5,0.005,0.005,22924163.418
4223703.655,1.5,0.005,0.005,1478990.945
8550391.968,1.5,0.005,0.005,5805679.258
20331894.268,1.5,0.005,0.005,17587181.558
15571935.046,1.5,0.005,0.005,12827222.336
6134673.928,1.5,0.005,0.005,3389961.218
6988843.361,1.5,0.005,0.005,4244130.651
16303384.928,1.5,0.005,0.005,13558672.218
19408779.405,1.5,0.005,0.005,16664066.695
16390266.784,1.5,0.005,0.005,13645554.074
11111808.924,1.5,0.005,0.005,8367096.214
6295217.63,1.5,0.005,0.005,3550504.92
7861517.161,1.5,0.005,0.005,5116804.451
4373131.385,1.5,0.005,0.005,1628418.675
3488426.89,1.5,0.005,0.005,743714.18
27402816.207,1.5,0.005,0.005,24658103.497
8254679.195,1.5,0.005,0.005,5509966.485
7789760.07,1.5,0.005,0.005,5045047.36
5230272.125,1.5,0.005,0.005,2485559.415
4234386.371,1.5,0.005,0.005,1489673.661
25107488.142,1.5,0.005,0.005,22362775.432
11379693.905,1.5,0.005,0.005,8634981.195
12280962.866,1.5,0.005,0.005,9536250.156
8577173.389,1.5,0.005,0.005,5832460.679
8337401.296,1.5,0.005,0.005,5592688.586
6974198.16,1.5,0.005,0.005,4229485.45
13797890.72,1.5,0.005,0.005,11053178.01
7343790.993,1.5,0.005,0.005,4599078.283
6131950.594,1.5,0.005,0.005,3387237.884
10066753.358,1.5,0.005,0.005,7322040.648
4509630.86,1.5,0.005,0.005,1764918.15
4319477.944,1.5,0.005,0.005,1574765.234
15872420.61,1.5,0.005,0.005,13127707.9
57476757.867,1.5,0.005,0.005,54732045.157
3130708.545,1.5,0.005,0.005,385995.835
15618514.166,1.5,0.005,0.005,12873801.456
10267031.032,1.5,0.005,0.005,7522318.322
14945241.691,1.5,0.005,0.005,12200528.981
15589043.098,1.5,0.005,0.005,12844330.388
100142915.181,1.5,0.005,0.005,97398202.471
18904141.13,1.5,0.005,0.005,16159428.42
141462194.946,1.5,0.005,0.005,138717482.236
3513679.495,1.5,0.005,0.005,768966.785
4482997.93,1.5,0.005,0.005,1738285.22
11257087.156,1.5,0.005,0.005,8512374.446
11553536.267,1.5,0.005,0.005,8808823.557
7570721.05,1.5,0.005,0.005,4826008.34
7522554.394,1.5,0.005,0.005,4777841.684
4595064.305,1.5,0.005,0.005,1850351.595
15473747.571,1.5,0.005,0.005,12729034.861
5984647.35,1.5,0.005,0.005,3239934.64
6351674.133,1.5,0.005,0.005,3606961.423
5418676.306,1.5,0.005,0.005,2673963.596
9699672.691,1.5,0.005,0.005,6954959.981
10919381.73,1.5,0.005,0.005,8174669.02
27651548.366,1.5,0.005,0.005,24906835.656
5854685.904,1.5,0.005,0.005,3109973.194
8304509.317,1.5,0.005,0.005,5559796.607
11476392.985,1.5,0.005,0.005,8731680.275
30648255.442,1.5,0.005,0.005,27903542.732
4034672.645,1.5,0.005,0.005,1289959.935
59809024.632,1.5,0.005,0.005,57064311.922
5024452.387,1.5,0.005,0.005,2279739.677
3887267.86,1.5,0.005,0.005,1142555.15
12601959.885,1.5,0.005,0.005,9857247.175
4721072.157,1.5,0.005,0.005,1976359.447
18441413.192,1.5,0.005,0.005,15696700.482
3559117.095,1.5,0.005,0.005,814404.385
58352243.636,1.5,0.005,0.005,55607530.926
55355920.765,1.5,0.005,0.005,52611208.055
17189731.29,1.5,0.005,0.005,14445018.58
9378531.586,1.5,0.005,0.005,6633818.876
8209244.07,1.5,0.005,0.005,5464531.36
31871073.285,1.5,0.005,0.005,29126360.575
5027337.93,1.5,0.005,0.005,2282625.22
6440053.41,1.5,0.005,0.005,3695340.7
5450872.674,1.5,0.005,0.005,2706159.964
9803379.335,1.5,0.005,0.005,7058666.625
11346879.617,1.5,0.005,0.005,8602166.907
9207834.755,1.5,0.005,0.005,6463122.045
10551391.043,1.5,0.005,0.005,7806678.333
7215946.452,1.5,0.005,0.005,4471233.742
23327095.877,1.5,0.005,0.005,20582383.167
5057602.237,1.5,0.005,0.005,2312889.527
10351487.745,1.5,0.005,0.005,7606775.035
7203766.278,1.5,0.005,0.005,4459053.568
8696116.733,1.5,0.005,0.005,5951404.023
9339781.51,1.5,0.005,0.005,6595068.8
8013087.14,1.5,0.005,0.005,5268374.43
57406173.415,1.5,0.005,0.005,54661460.705
11324037.921,1.5,0.005,0.005,8579325.211
5749669.726,1.5,0.005,0.005,3004957.016
6998115.945,1.5,0.005,0.005,4253403.235
53457847.958,1.5,0.005,0.005,50713135.248
3975437.815,1.5,0.005,0.005,1230725.105
8824946.274,1.5,0.005,0.005,6080233.564
8209192.804,1.5,0.005,0.005,5464480.094
4081786.68,1.5,0.005,0.005,1337073.97
10541961.316,1.5,0.005,0.005,7797248.606
17790663.065,1.5,0.005,0.005,15045950.355
45165788.969,1.5,0.005,0.005,42421076.259
4213116.14,1.5,0.005,0.005,1468403.43
4014364.109,1.5,0.005,0.005,1269651.399
5457426.706,1.5,0.005,0.005,2712713.996
8933727.85,1.5,0.005,0.005,6189015.14
3737497.655,1.5,0.005,0.005,992784.945
19274003.807,1.5,0.005,0.005,16529291.097
23538134.103,1.5,0.005,0.005,20793421.393
13882707.559,1.5,0.005,0.005,11137994.849
4080709.99,1.5,0.005,0.005,1335997.28
41095924.884,1.5,0.005,0.005,38351212.174
8224915.096,1.5,0.005,0.005,5480202.386
3325803.788,1.5,0.005,0.005,581091.078
3953855.92,1.5,0.005,0.005,1209143.21
10883451.808,1.5,0.005,0.005,8138739.098
8478774.612,1.5,0.005,0.005,5734061.902
